PAN010.chr1.haplotype1:154287980-155576465	PAN027.chr1.maternal:157835539-159123986	PAN028.chr1.haplotype2:157374794-158663256
PAN010.chr1.haplotype1:155702724-156357074	PAN027.chr1.maternal:159250244-159904592	PAN028.chr1.haplotype2:158789516-159443872
PAN010.chr1.haplotype1:156357096-157847082	PAN027.chr1.maternal:159904614-161394594	PAN028.chr1.haplotype2:159443894-160933883
PAN010.chr1.haplotype1:157939051-158725502	PAN027.chr1.maternal:161486563-162273010	PAN028.chr1.haplotype2:161025852-161812297
PAN010.chr1.haplotype1:158728903-159646351	PAN027.chr1.maternal:162276411-163193857	PAN028.chr1.haplotype2:161815698-162733152
PAN010.chr1.haplotype1:159622906-160281620	PAN027.chr1.maternal:163170412-163829125	PAN028.chr1.haplotype2:162709707-163368420
PAN010.chr1.haplotype1:160357371-160704346	PAN027.chr1.maternal:163904876-164251848	PAN028.chr1.haplotype2:163444170-163791144
PAN010.chr1.haplotype1:160677994-161548048	PAN027.chr1.maternal:164225496-165095549	PAN028.chr1.haplotype2:163764792-164634849
PAN010.chr1.haplotype1:161476535-163017116	PAN027.chr1.maternal:165024038-166564613	PAN028.chr1.haplotype2:164563338-166103918
PAN010.chr1.haplotype1:163075506-169101147	PAN027.chr1.maternal:166623003-172648629	PAN028.chr1.haplotype2:166162298-172187956
PAN010.chr1.haplotype1:169073210-170484256	PAN027.chr1.maternal:172620692-174031726	PAN028.chr1.haplotype2:172160018-173571062
PAN010.chr1.haplotype1:170465366-171409839	PAN027.chr1.maternal:174012836-174957302	PAN028.chr1.haplotype2:173552172-174496639
PAN010.chr1.haplotype1:171386179-172967501	PAN027.chr1.maternal:174933642-176514964	PAN028.chr1.haplotype2:174472979-176054308
PAN010.chr1.haplotype1:172945173-175218215	PAN027.chr1.maternal:176492634-178765662	PAN028.chr1.haplotype2:176031979-178305014
PAN010.chr1.haplotype1:175190419-175375906	PAN027.chr1.maternal:178737866-178923354	PAN028.chr1.haplotype2:178277218-178462709
PAN010.chr1.haplotype1:175362477-175879892	PAN027.chr1.maternal:178909925-179427338	PAN028.chr1.haplotype2:178449280-178966696
PAN010.chr1.haplotype1:175905972-177509957	PAN027.chr1.maternal:179453418-181057387	PAN028.chr1.haplotype2:178992776-180596757
PAN010.chr1.haplotype1:177492084-179057482	PAN027.chr1.maternal:181039519-182604903	PAN028.chr1.haplotype2:180578883-182144279
PAN010.chr1.haplotype1:179044312-182102032	PAN027.chr1.maternal:182591735-185649446	PAN028.chr1.haplotype2:182131111-185188838
PAN010.chr1.haplotype1:182079704-183192379	PAN027.chr1.maternal:185627118-186739789	PAN028.chr1.haplotype2:185166510-186279184
PAN010.chr1.haplotype1:185682832-186342833	PAN027.chr1.maternal:189230228-189890227	PAN028.chr1.haplotype1:193255630-193915653
PAN010.chr1.haplotype1:203835472-203874859	PAN027.chr1.maternal:207382741-207422128	PAN028.chr1.haplotype1:211495055-211534432
PAN010.chr1.haplotype1:26610361-27045479	PAN027.chr1.maternal:26616531-27051647	PAN028.chr1.haplotype2:26623143-27058263
PAN010.chr1.haplotype1:27027559-27338995	PAN027.chr1.maternal:27033727-27345156	PAN028.chr1.haplotype2:27040343-27351780
PAN010.chr1.haplotype1:27319215-29613175	PAN027.chr1.maternal:27325376-29619310	PAN028.chr1.haplotype2:27332000-29625960
PAN010.chr1.haplotype1:29595649-30177496	PAN027.chr1.maternal:29601785-30183632	PAN028.chr1.haplotype2:29608433-30190283
PAN010.chr1.haplotype1:30187097-31320136	PAN027.chr1.maternal:30193233-31326268	PAN028.chr1.haplotype2:30199884-31332925
PAN010.chr1.haplotype1:31300774-31537594	PAN027.chr1.maternal:31306906-31543721	PAN028.chr1.haplotype2:31313563-31550383
PAN010.chr1.haplotype1:31574631-31891504	PAN027.chr1.maternal:31580757-31897627	PAN028.chr1.haplotype2:31587419-31904291
PAN010.chr1.haplotype1:31870622-33579322	PAN027.chr1.maternal:31876746-33585428	PAN028.chr1.haplotype2:31883410-33592119
PAN010.chr1.haplotype1:33562789-34306420	PAN027.chr1.maternal:33568895-34312525	PAN028.chr1.haplotype2:33575586-34319219
PAN010.chr1.haplotype1:34281958-36898308	PAN027.chr1.maternal:34288063-36904402	PAN028.chr1.haplotype2:34294757-36911123
PAN010.chr1.haplotype1:36875653-38611362	PAN027.chr1.maternal:36881747-38617434	PAN028.chr1.haplotype2:36888468-38624176
PAN010.chr1.haplotype1:38612267-39232658	PAN027.chr1.maternal:38618339-39238735	PAN028.chr1.haplotype2:38625081-39245482
PAN010.chr1.haplotype2:108927344-110263945	PAN027.chr1.maternal:108317255-109653846	PAN028.chr1.haplotype2:108338073-109674678
PAN010.chr1.haplotype2:110121528-111088479	PAN027.chr1.maternal:109511431-110478375	PAN028.chr1.haplotype2:109532261-110499216
PAN010.chr1.haplotype2:111062701-112360517	PAN027.chr1.maternal:110452597-111750408	PAN028.chr1.haplotype2:110473438-111771256
PAN010.chr1.haplotype2:112338208-112731757	PAN027.chr1.maternal:111728099-112121648	PAN028.chr1.haplotype2:111748947-112142497
PAN010.chr1.haplotype2:112708848-112771274	PAN027.chr1.maternal:112098739-112161165	PAN028.chr1.haplotype2:112119588-112182015
PAN010.chr1.haplotype2:112749094-112992582	PAN027.chr1.maternal:112138985-112382473	PAN028.chr1.haplotype2:112159834-112403316
PAN010.chr1.haplotype2:112973885-113109514	PAN027.chr1.maternal:112363776-112499405	PAN028.chr1.haplotype2:112384618-112520247
PAN010.chr1.haplotype2:113085682-113549299	PAN027.chr1.maternal:112475573-112939187	PAN028.chr1.haplotype2:112496415-112960032
PAN010.chr1.haplotype2:113528531-113696940	PAN027.chr1.maternal:112918419-113086827	PAN028.chr1.haplotype2:112939264-113107674
PAN010.chr1.haplotype2:113696049-114077640	PAN027.chr1.maternal:113085936-113467515	PAN028.chr1.haplotype2:113106783-113488371
PAN010.chr1.haplotype2:114056080-114671922	PAN027.chr1.maternal:113445959-114061797	PAN028.chr1.haplotype2:113466815-114082653
PAN010.chr1.haplotype2:114717026-115260569	PAN027.chr1.maternal:114106901-114650441	PAN028.chr1.haplotype2:114127757-114671304
PAN010.chr1.haplotype2:115219984-116296478	PAN027.chr1.maternal:114609856-115686347	PAN028.chr1.haplotype2:114630719-115707216
PAN010.chr1.haplotype2:116424789-117227700	PAN027.chr1.maternal:115814658-116617564	PAN028.chr1.haplotype2:115835527-116638443
PAN010.chr1.haplotype2:117206903-117744672	PAN027.chr1.maternal:116596767-117134529	PAN028.chr1.haplotype2:116617646-117155412
PAN010.chr1.haplotype2:117722781-117836433	PAN027.chr1.maternal:117112638-117226290	PAN028.chr1.haplotype2:117133520-117247173
PAN010.chr1.haplotype2:117816369-117909931	PAN027.chr1.maternal:117206226-117299787	PAN028.chr1.haplotype2:117227109-117320670
PAN010.chr1.haplotype2:117885468-118403264	PAN027.chr1.maternal:117275324-117793122	PAN028.chr1.haplotype2:117296207-117814002
PAN010.chr1.haplotype2:118382942-118723586	PAN027.chr1.maternal:117772800-118113444	PAN028.chr1.haplotype2:117793680-118134325
PAN010.chr1.haplotype2:118897377-119220967	PAN027.chr1.maternal:118287235-118610823	PAN028.chr1.haplotype2:118308116-118631706
PAN010.chr1.haplotype2:119202978-121199559	PAN027.chr1.maternal:118592834-120589404	PAN028.chr1.haplotype2:118613717-120610301
PAN010.chr1.haplotype2:121845600-126923664	PAN027.chr1.maternal:121235446-126306691	PAN028.chr1.haplotype2:121256350-126334415
PAN010.chr1.haplotype2:126902603-128010524	PAN027.chr1.maternal:126285630-127393552	PAN028.chr1.haplotype2:126313354-127421275
PAN010.chr1.haplotype2:127987273-128004805	PAN027.chr1.maternal:127370301-127387833	PAN028.chr1.haplotype2:127398024-127415556
PAN010.chr1.haplotype2:128616053-128936256	PAN027.chr1.maternal:127999081-128319284	PAN028.chr1.haplotype2:128026806-128347009
PAN010.chr1.haplotype2:128942169-129034531	PAN027.chr1.maternal:128325197-128417559	PAN028.chr1.haplotype2:128352922-128445284
PAN010.chr1.haplotype2:129012913-129190847	PAN027.chr1.maternal:128395939-128573875	PAN028.chr1.haplotype2:128423666-128601600
PAN010.chr1.haplotype2:129171526-129270092	PAN027.chr1.maternal:128554554-128653121	PAN028.chr1.haplotype2:128582279-128680845
PAN010.chr1.haplotype2:129258557-133754443	PAN027.chr1.maternal:128641585-133135696	PAN028.chr1.haplotype2:128669310-133161031
PAN010.chr1.haplotype2:133732569-134632415	PAN027.chr1.maternal:133113822-134011892	PAN028.chr1.haplotype2:133139010-134037226
PAN010.chr1.haplotype2:133733528-133752860	PAN027.chr1.maternal:133114793-133134113	PAN028.chr1.haplotype2:133140116-133159448
PAN010.chr1.haplotype2:134333107-134411258	PAN027.chr1.maternal:133712596-133790735	PAN028.chr1.haplotype2:133737919-133816069
PAN010.chr1.haplotype2:134609509-135701456	PAN027.chr1.maternal:133988986-135080933	PAN028.chr1.haplotype2:134014320-135106267
PAN010.chr1.haplotype2:136990244-141619766	PAN027.chr1.maternal:136736204-141365726	PAN028.chr1.haplotype2:136275284-140904806
PAN010.chr1.haplotype2:141597736-143697712	PAN027.chr1.maternal:141343696-143443653	PAN028.chr1.haplotype2:140882776-142982757
PAN010.chr1.haplotype2:143672575-144492800	PAN027.chr1.maternal:143418516-144238739	PAN028.chr1.haplotype2:142957620-143777844
PAN010.chr1.haplotype2:144470190-145193296	PAN027.chr1.maternal:144216130-144939231	PAN028.chr1.haplotype2:143755234-144478342
PAN010.chr1.haplotype2:145171861-145396517	PAN027.chr1.maternal:144917796-145142448	PAN028.chr1.haplotype2:144456906-144681560
PAN010.chr1.haplotype2:145370746-150450530	PAN027.chr1.maternal:145116677-150196405	PAN028.chr1.haplotype2:144655789-149735588
PAN010.chr1.haplotype2:150424575-152234334	PAN027.chr1.maternal:150170450-151980199	PAN028.chr1.haplotype2:149709633-151519395
PAN010.chr1.haplotype2:152224845-153697485	PAN027.chr1.maternal:151970710-153443348	PAN028.chr1.haplotype2:151509906-152982560
PAN010.chr1.haplotype2:153679344-154806086	PAN027.chr1.maternal:153425207-154551941	PAN028.chr1.haplotype2:152964417-154091172
PAN010.chr1.haplotype2:154789264-155288914	PAN027.chr1.maternal:154535119-155034756	PAN028.chr1.haplotype2:154074349-154574001
PAN010.chr1.haplotype2:155354959-155877636	PAN027.chr1.maternal:155100801-155623478	PAN028.chr1.haplotype2:154640047-155162726
PAN010.chr1.haplotype2:155905391-157424488	PAN027.chr1.maternal:155651233-157170325	PAN028.chr1.haplotype2:155190481-156709577
PAN010.chr1.haplotype2:157396172-158109576	PAN027.chr1.maternal:157142009-157855412	PAN028.chr1.haplotype2:156681261-157394667
PAN010.chr1.haplotype2:231217741-231392999	PAN027.chr1.maternal:230889121-231064377	PAN028.chr1.haplotype1:234887537-235062796
PAN010.chr10.haplotype1:16140708-16183726	PAN027.chr10.maternal:16144692-16187709	PAN028.chr10.haplotype1:16142917-16185936
PAN010.chr10.haplotype1:16158141-19556631	PAN027.chr10.maternal:16162124-19560612	PAN028.chr10.haplotype1:16160351-19558858
PAN010.chr10.haplotype1:19535932-19751321	PAN027.chr10.maternal:19539913-19755301	PAN028.chr10.haplotype1:19538159-19753549
PAN010.chr10.haplotype1:19830004-22561537	PAN027.chr10.maternal:19833985-22565515	PAN028.chr10.haplotype1:19832234-22563787
PAN010.chr10.haplotype1:22544151-22586941	PAN027.chr10.maternal:22548129-22590919	PAN028.chr10.haplotype1:22546401-22589192
PAN010.chr10.haplotype1:22561587-25121806	PAN027.chr10.maternal:22565565-25125789	PAN028.chr10.haplotype1:22563837-25124071
PAN010.chr10.haplotype1:25097767-27521216	PAN027.chr10.maternal:25101750-27525189	PAN028.chr10.haplotype1:25100032-27523485
PAN010.chr10.haplotype1:27503456-30082894	PAN027.chr10.maternal:27507429-30086863	PAN028.chr10.haplotype1:27505725-30085175
PAN010.chr10.haplotype1:30061587-33495939	PAN027.chr10.maternal:30065556-33499881	PAN028.chr10.haplotype1:30063868-33498230
PAN010.chr10.haplotype1:33477293-33813710	PAN027.chr10.maternal:33481235-33817650	PAN028.chr10.haplotype1:33479584-33816000
PAN010.chr10.haplotype1:33775738-35060638	PAN027.chr10.maternal:33779679-35064570	PAN028.chr10.haplotype1:33778028-35062927
PAN010.chr10.haplotype1:35049454-37779263	PAN027.chr10.maternal:35053387-37783178	PAN028.chr10.haplotype1:35051743-37781555
PAN010.chr10.haplotype1:38591984-38908355	PAN027.chr10.maternal:38595899-38912270	PAN028.chr10.haplotype1:38594285-38910657
PAN010.chr10.haplotype1:38882125-38965040	PAN027.chr10.maternal:38886040-38968955	PAN028.chr10.haplotype1:38884427-38967342
PAN010.chr10.haplotype1:38956210-41980498	PAN027.chr10.maternal:38960125-41984413	PAN028.chr10.haplotype1:38958512-41982801
PAN010.chr10.haplotype1:41963895-42014253	PAN027.chr10.maternal:41967810-42018168	PAN028.chr10.haplotype1:41966198-42016556
PAN010.chr10.haplotype1:41992307-42292525	PAN027.chr10.maternal:41996222-42296440	PAN028.chr10.haplotype1:41994610-42294863
PAN010.chr10.haplotype1:42270363-43231437	PAN027.chr10.maternal:42274278-43235352	PAN028.chr10.haplotype1:42272602-43233740
PAN010.chr10.haplotype1:43211154-45009494	PAN027.chr10.maternal:43215069-45013390	PAN028.chr10.haplotype1:43213457-45011796
PAN010.chr10.haplotype1:44981713-48286060	PAN027.chr10.maternal:44985609-48289941	PAN028.chr10.haplotype1:44984015-48288365
PAN010.chr10.haplotype1:48408682-48779705	PAN027.chr10.maternal:48412563-48783583	PAN028.chr10.haplotype1:48410989-48782012
PAN010.chr10.haplotype1:48781036-49738411	PAN027.chr10.maternal:48784914-49742304	PAN028.chr10.haplotype1:48783343-49740715
PAN010.chr10.haplotype1:49718978-50001906	PAN027.chr10.maternal:49722873-50005799	PAN028.chr10.haplotype1:49721284-50004210
PAN010.chr10.haplotype1:50052120-51926641	PAN027.chr10.maternal:50056012-51930527	PAN028.chr10.haplotype1:50054423-51928949
PAN010.chr10.haplotype1:51903995-52037180	PAN027.chr10.maternal:51907881-52041065	PAN028.chr10.haplotype1:51906303-52039488
PAN010.chr10.haplotype1:52126892-53536374	PAN027.chr10.maternal:52130777-53540253	PAN028.chr10.haplotype1:52129201-53538689
PAN010.chr10.haplotype1:53556044-55215730	PAN027.chr10.maternal:53559923-55219600	PAN028.chr10.haplotype1:53558359-55218043
PAN010.chr10.haplotype1:55091950-58606403	PAN027.chr10.maternal:55095820-58610266	PAN028.chr10.haplotype1:55094262-58608721
PAN010.chr10.haplotype1:58584707-61616825	PAN027.chr10.maternal:58588571-61620686	PAN028.chr10.haplotype1:58587026-61619150
PAN010.chr10.haplotype1:61590477-62591535	PAN027.chr10.maternal:61594338-62595390	PAN028.chr10.haplotype1:61592802-62593855
PAN010.chr10.haplotype1:62564551-63530961	PAN027.chr10.maternal:62568406-63534811	PAN028.chr10.haplotype1:62566871-63533277
PAN010.chr10.haplotype1:63543288-66349352	PAN027.chr10.maternal:63547138-66353197	PAN028.chr10.haplotype1:63545605-66351679
PAN010.chr10.haplotype1:66337917-67215142	PAN027.chr10.maternal:66341762-67218986	PAN028.chr10.haplotype1:66340244-67217469
PAN010.chr10.haplotype1:67199961-71933489	PAN027.chr10.maternal:67203805-71937308	PAN028.chr10.haplotype1:67202288-71935814
PAN010.chr10.haplotype1:71911562-72712116	PAN027.chr10.maternal:71915381-72715930	PAN028.chr10.haplotype1:71913886-72714448
PAN010.chr10.haplotype1:72697602-74349117	PAN027.chr10.maternal:72701417-74352921	PAN028.chr10.haplotype1:72699933-74351454
PAN010.chr10.haplotype1:74325382-76374129	PAN027.chr10.maternal:74329186-76377924	PAN028.chr10.haplotype1:74327719-76376467
PAN010.chr10.haplotype1:7574988-16161818	PAN027.chr10.maternal:7578997-16165801	PAN028.chr10.haplotype1:7577143-16164028
PAN010.chr10.haplotype1:76368894-77402040	PAN027.chr10.maternal:76372689-77405836	PAN028.chr10.haplotype1:76371232-77404380
PAN010.chr10.haplotype1:77379727-77605813	PAN027.chr10.maternal:77383523-77609609	PAN028.chr10.haplotype1:77382067-77608155
PAN010.chr10.haplotype1:77588699-77731012	PAN027.chr10.maternal:77592495-77734807	PAN028.chr10.haplotype1:77591041-77733354
PAN010.chr10.haplotype1:77719368-77910533	PAN027.chr10.maternal:77723163-77914329	PAN028.chr10.haplotype1:77721710-77912878
PAN010.chr10.haplotype1:77888376-77963852	PAN027.chr10.maternal:77892172-77967648	PAN028.chr10.haplotype1:77890721-77966198
PAN010.chr10.haplotype1:77948343-78187264	PAN027.chr10.maternal:77952139-78191059	PAN028.chr10.haplotype1:77950688-78189610
PAN010.chr10.haplotype1:78155690-78392534	PAN027.chr10.maternal:78159485-78396324	PAN028.chr10.haplotype1:78158036-78394876
PAN010.chr10.haplotype1:78344964-78736583	PAN027.chr10.maternal:78348754-78740371	PAN028.chr10.haplotype1:78347306-78738924
PAN010.chr10.haplotype1:78738631-78892820	PAN027.chr10.maternal:78742419-78896607	PAN028.chr10.haplotype1:78740972-78895162
PAN010.chr10.haplotype1:78872133-79758690	PAN027.chr10.maternal:78875920-79762476	PAN028.chr10.haplotype1:78874475-79761037
PAN010.chr10.haplotype2:101892594-102412832	PAN027.chr10.maternal:101766977-102287209	PAN028.chr10.haplotype1:101768332-102288572
PAN010.chr10.haplotype2:102478472-103466383	PAN027.chr10.maternal:102352850-103340743	PAN028.chr10.haplotype1:102354214-103342118
PAN010.chr10.haplotype2:103812073-104098405	PAN027.chr10.maternal:103686431-103972757	PAN028.chr10.haplotype1:103687813-103974143
PAN010.chr10.haplotype2:104090827-104872572	PAN027.chr10.maternal:103965179-104746921	PAN028.chr10.haplotype1:103966565-104748317
PAN010.chr10.haplotype2:104884571-105253794	PAN027.chr10.maternal:104758920-105128137	PAN028.chr10.haplotype1:104760316-105129533
PAN010.chr10.haplotype2:105277903-108932412	PAN027.chr10.maternal:105152246-108806749	PAN028.chr10.haplotype1:105153642-108808154
PAN010.chr10.haplotype2:108747612-113188370	PAN027.chr10.maternal:108621954-113062694	PAN028.chr10.haplotype1:108623359-113064121
PAN010.chr10.haplotype2:113178931-114741779	PAN027.chr10.maternal:113053255-114616087	PAN028.chr10.haplotype1:113054682-114617523
PAN010.chr10.haplotype2:114722020-114747886	PAN027.chr10.maternal:114596328-114622194	PAN028.chr10.haplotype1:114597764-114623630
PAN010.chr10.haplotype2:114738029-116408132	PAN027.chr10.maternal:114612337-116282437	PAN028.chr10.haplotype1:114613773-116283879
PAN010.chr10.haplotype2:116375702-119272811	PAN027.chr10.maternal:116250009-119147116	PAN028.chr10.haplotype1:116251449-119148563
PAN010.chr10.haplotype2:119261730-119837575	PAN027.chr10.maternal:119136035-119711877	PAN028.chr10.haplotype1:119137482-119713334
PAN010.chr10.haplotype2:119835373-123284275	PAN027.chr10.maternal:119709675-123158535	PAN028.chr10.haplotype1:119711132-123160029
PAN010.chr10.haplotype2:123190423-123552775	PAN027.chr10.maternal:123064683-123427037	PAN028.chr10.haplotype1:123066178-123428529
PAN010.chr10.haplotype2:123587597-123732940	PAN027.chr10.maternal:123461863-123607206	PAN028.chr10.haplotype1:123463355-123608698
PAN010.chr10.haplotype2:123695212-123737951	PAN027.chr10.maternal:123569478-123612217	PAN028.chr10.haplotype1:123570970-123613709
PAN010.chr10.haplotype2:123719817-124075918	PAN027.chr10.maternal:123594083-123950182	PAN028.chr10.haplotype1:123595575-123951677
PAN010.chr10.haplotype2:124053308-124321783	PAN027.chr10.maternal:123927572-124196047	PAN028.chr10.haplotype1:123929066-124197543
PAN010.chr10.haplotype2:124298896-125346607	PAN027.chr10.maternal:124173160-125220864	PAN028.chr10.haplotype1:124174655-125222365
PAN010.chr10.haplotype2:125325596-127870820	PAN027.chr10.maternal:125199853-127745063	PAN028.chr10.haplotype1:125201354-127746582
PAN010.chr10.haplotype2:127850975-127929748	PAN027.chr10.maternal:127725217-127803991	PAN028.chr10.haplotype1:127726738-127805510
PAN010.chr10.haplotype2:127902752-129113378	PAN027.chr10.maternal:127776995-128987613	PAN028.chr10.haplotype1:127778514-128989136
PAN010.chr10.haplotype2:129092929-129923175	PAN027.chr10.maternal:128967164-129797407	PAN028.chr10.haplotype1:128968687-129798938
PAN010.chr10.haplotype2:129903539-132456670	PAN027.chr10.maternal:129777771-132330896	PAN028.chr10.haplotype1:129779302-132332428
PAN010.chr10.haplotype2:132467591-134044196	PAN027.chr10.maternal:132341817-133918426	PAN028.chr10.haplotype1:132343349-133919954
PAN010.chr10.haplotype2:134025354-134482469	PAN027.chr10.maternal:133899584-134356705	PAN028.chr10.haplotype1:133901112-134338366
PAN010.chr10.haplotype2:3261570-3746509	PAN027.chr10.maternal:3270909-3755846	PAN028.chr10.haplotype1:3269027-3753965
PAN010.chr10.haplotype2:3720822-3801084	PAN027.chr10.maternal:3730159-3810421	PAN028.chr10.haplotype1:3728278-3808541
PAN010.chr10.haplotype2:3775126-4520354	PAN027.chr10.maternal:3784463-4529689	PAN028.chr10.haplotype1:3782583-4527819
PAN010.chr10.haplotype2:4517225-7201431	PAN027.chr10.maternal:4526560-7210746	PAN028.chr10.haplotype1:4524690-7208900
PAN010.chr10.haplotype2:66908-608517	PAN027.chr10.maternal:70256-617868	PAN028.chr10.haplotype1:68105-616025
PAN010.chr10.haplotype2:686180-776028	PAN027.chr10.maternal:695531-785383	PAN028.chr10.haplotype1:693633-783488
PAN010.chr10.haplotype2:7182008-7521735	PAN027.chr10.maternal:7191323-7531058	PAN028.chr10.haplotype1:7189477-7529204
PAN010.chr10.haplotype2:761329-3284822	PAN027.chr10.maternal:770680-3294161	PAN028.chr10.haplotype1:768782-3292279
PAN010.chr11.haplotype1:100457597-100671484	PAN027.chr11.maternal:100436697-100650581	PAN028.chr11.haplotype1:100258445-100472329
PAN010.chr11.haplotype1:100648721-100880543	PAN027.chr11.maternal:100627818-100859639	PAN028.chr11.haplotype1:100449566-100681388
PAN010.chr11.haplotype1:100853845-103440401	PAN027.chr11.maternal:100832941-103419481	PAN028.chr11.haplotype1:100654690-103241247
PAN010.chr11.haplotype1:103418858-103672385	PAN027.chr11.maternal:103397938-103651465	PAN028.chr11.haplotype1:103219704-103473232
PAN010.chr11.haplotype1:104771942-106685868	PAN027.chr11.maternal:104751020-106664937	PAN028.chr11.haplotype1:104572796-106486725
PAN010.chr11.haplotype1:106676780-108327104	PAN027.chr11.maternal:106655849-108306170	PAN028.chr11.haplotype1:106477637-108127980
PAN010.chr11.haplotype1:108226501-109164153	PAN027.chr11.maternal:108205566-109143220	PAN028.chr11.haplotype1:108027374-108965033
PAN010.chr11.haplotype1:109973876-111056484	PAN027.chr11.maternal:109952937-111035534	PAN028.chr11.haplotype1:109774758-110857359
PAN010.chr11.haplotype1:111049669-113018262	PAN027.chr11.maternal:111028719-112997296	PAN028.chr11.haplotype1:110850544-112819124
PAN010.chr11.haplotype1:114495968-115533252	PAN027.chr11.maternal:114474996-115512275	PAN028.chr11.haplotype1:114296836-115334116
PAN010.chr11.haplotype1:11527384-11629060	PAN027.chr11.maternal:11410047-11511723	PAN028.chr11.haplotype1:11406869-11508545
PAN010.chr11.haplotype1:115513066-116556786	PAN027.chr11.maternal:115492089-116535803	PAN028.chr11.haplotype1:115313930-116357649
PAN010.chr11.haplotype1:11669254-12618832	PAN027.chr11.maternal:11551917-12501493	PAN028.chr11.haplotype1:11548739-12498319
PAN010.chr11.haplotype1:116758194-117892280	PAN027.chr11.maternal:116737209-117871284	PAN028.chr11.haplotype1:116559059-117693147
PAN010.chr11.haplotype1:118155402-118222327	PAN027.chr11.maternal:118134405-118201331	PAN028.chr11.haplotype1:117956275-118023200
PAN010.chr11.haplotype1:118200509-119203273	PAN027.chr11.maternal:118179513-119182266	PAN028.chr11.haplotype1:118001382-119004158
PAN010.chr11.haplotype1:119207779-119530969	PAN027.chr11.maternal:119186772-119509957	PAN028.chr11.haplotype1:119008664-119331852
PAN010.chr11.haplotype1:119589361-119853059	PAN027.chr11.maternal:119568347-119832041	PAN028.chr11.haplotype1:119390242-119653937
PAN010.chr11.haplotype1:119844184-120174677	PAN027.chr11.maternal:119823166-120153658	PAN028.chr11.haplotype1:119645062-119975556
PAN010.chr11.haplotype1:120150440-121436069	PAN027.chr11.maternal:120129421-121415049	PAN028.chr11.haplotype1:119951319-121236955
PAN010.chr11.haplotype1:121416172-121645145	PAN027.chr11.maternal:121395152-121624128	PAN028.chr11.haplotype1:121217059-121446036
PAN010.chr11.haplotype1:121618222-123339241	PAN027.chr11.maternal:121597205-123318215	PAN028.chr11.haplotype1:121419113-123140126
PAN010.chr11.haplotype1:123311178-123722298	PAN027.chr11.maternal:123290152-123701269	PAN028.chr11.haplotype1:123112063-123523186
PAN010.chr11.haplotype1:123702337-127135155	PAN027.chr11.maternal:123681308-127114112	PAN028.chr11.haplotype1:123503225-126936052
PAN010.chr11.haplotype1:12597907-14555140	PAN027.chr11.maternal:12480568-14437828	PAN028.chr11.haplotype1:12477394-14434659
PAN010.chr11.haplotype1:127001673-127161058	PAN027.chr11.maternal:126980630-127140015	PAN028.chr11.haplotype1:126802570-126961955
PAN010.chr11.haplotype1:127139210-128560531	PAN027.chr11.maternal:127118167-128539488	PAN028.chr11.haplotype1:126940107-128361433
PAN010.chr11.haplotype1:128589632-130195354	PAN027.chr11.maternal:128568590-130174305	PAN028.chr11.haplotype1:128390535-129996268
PAN010.chr11.haplotype1:14513239-15810767	PAN027.chr11.maternal:14395927-15693452	PAN028.chr11.haplotype1:14392758-15690281
PAN010.chr11.haplotype1:15817538-15899578	PAN027.chr11.maternal:15700223-15782263	PAN028.chr11.haplotype1:15697052-15779092
PAN010.chr11.haplotype1:15882700-17920221	PAN027.chr11.maternal:15765385-17802899	PAN028.chr11.haplotype1:15762214-17799733
PAN010.chr11.haplotype1:17896523-19774290	PAN027.chr11.maternal:17779201-19656962	PAN028.chr11.haplotype1:17776035-19653810
PAN010.chr11.haplotype1:19752867-23794526	PAN027.chr11.maternal:19635539-23677189	PAN028.chr11.haplotype1:19632387-23674063
PAN010.chr11.haplotype1:4536953-6470809	PAN027.chr11.maternal:4419632-6353486	PAN028.chr11.haplotype1:4416439-6350294
PAN010.chr11.haplotype1:6441723-11534417	PAN027.chr11.maternal:6324400-11417080	PAN028.chr11.haplotype1:6321208-11413902
PAN010.chr11.haplotype2:1052134-1317700	PAN027.chr11.maternal:1053865-1319430	PAN028.chr11.haplotype1:1050651-1316217
PAN010.chr11.haplotype2:130057151-130509144	PAN027.chr11.maternal:130167327-130619304	PAN028.chr11.haplotype1:129989290-130441271
PAN010.chr11.haplotype2:130678052-130885155	PAN027.chr11.maternal:130788209-130995312	PAN028.chr11.haplotype1:130610180-130817283
PAN010.chr11.haplotype2:130855951-130929830	PAN027.chr11.maternal:130966108-131039987	PAN028.chr11.haplotype1:130788079-130861958
PAN010.chr11.haplotype2:130907591-130934651	PAN027.chr11.maternal:131017748-131044808	PAN028.chr11.haplotype1:130839719-130866779
PAN010.chr11.haplotype2:130911276-131722634	PAN027.chr11.maternal:131021433-131832792	PAN028.chr11.haplotype1:130843404-131654764
PAN010.chr11.haplotype2:131711962-131934274	PAN027.chr11.maternal:131822120-132044432	PAN028.chr11.haplotype1:131644092-131866405
PAN010.chr11.haplotype2:131912764-133084820	PAN027.chr11.maternal:132022922-133194979	PAN028.chr11.haplotype1:131844895-133016958
PAN010.chr11.haplotype2:133064016-134306662	PAN027.chr11.maternal:133174175-134416823	PAN028.chr11.haplotype1:132996154-134238802
PAN010.chr11.haplotype2:1507086-2719240	PAN027.chr11.maternal:1508816-2720967	PAN028.chr11.haplotype1:1505605-2717762
PAN010.chr11.haplotype2:2728102-4442836	PAN027.chr11.maternal:2729829-4444574	PAN028.chr11.haplotype1:2726624-4441380
PAN010.chr11.haplotype2:74203455-80656318	PAN027.chr11.maternal:74312579-80765398	PAN028.chr11.haplotype1:74134115-80586972
PAN010.chr11.haplotype2:80722786-81833822	PAN027.chr11.maternal:80831866-81942898	PAN028.chr11.haplotype1:80653440-81764481
PAN010.chr11.haplotype2:81825830-82331713	PAN027.chr11.maternal:81934906-82440789	PAN028.chr11.haplotype1:81756489-82262372
PAN010.chr11.haplotype2:820202-900563	PAN027.chr11.maternal:821933-902294	PAN028.chr11.haplotype1:818715-899078
PAN010.chr11.haplotype2:82456438-83272378	PAN027.chr11.maternal:82565513-83381454	PAN028.chr11.haplotype1:82387096-83203042
PAN010.chr11.haplotype2:83240409-83903790	PAN027.chr11.maternal:83349485-84012865	PAN028.chr11.haplotype1:83171073-83834461
PAN010.chr11.haplotype2:83894073-84792765	PAN027.chr11.maternal:84003148-84901839	PAN028.chr11.haplotype1:83824744-84723441
PAN010.chr11.haplotype2:84784069-85501448	PAN027.chr11.maternal:84893143-85610520	PAN028.chr11.haplotype1:84714745-85432128
PAN010.chr11.haplotype2:85514230-86146717	PAN027.chr11.maternal:85623302-86255786	PAN028.chr11.haplotype1:85444910-86077399
PAN010.chr11.haplotype2:86121258-87311288	PAN027.chr11.maternal:86230328-87420349	PAN028.chr11.haplotype1:86051941-87241972
PAN010.chr11.haplotype2:87291140-87865330	PAN027.chr11.maternal:87400201-87974388	PAN028.chr11.haplotype1:87221824-87796010
PAN010.chr11.haplotype2:87844818-89025708	PAN027.chr11.maternal:87953876-89134761	PAN028.chr11.haplotype1:87775498-88956390
PAN010.chr11.haplotype2:89918301-94319114	PAN027.chr11.maternal:90027355-94428152	PAN028.chr11.haplotype1:89849048-94249876
PAN010.chr11.haplotype2:908756-1178566	PAN027.chr11.maternal:910487-1180297	PAN028.chr11.haplotype1:907271-1177082
PAN010.chr11.haplotype2:94298076-95297229	PAN027.chr11.maternal:94407114-95406268	PAN028.chr11.haplotype1:94228838-95227994
PAN010.chr11.haplotype2:95277826-95475842	PAN027.chr11.maternal:95386865-95584881	PAN028.chr11.haplotype1:95208591-95406608
PAN010.chr11.haplotype2:95458071-96243579	PAN027.chr11.maternal:95567110-96352610	PAN028.chr11.haplotype1:95388837-96174339
PAN010.chr11.haplotype2:96216789-96429818	PAN027.chr11.maternal:96325820-96538848	PAN028.chr11.haplotype1:96147549-96360579
PAN010.chr11.haplotype2:96407803-100352251	PAN027.chr11.maternal:96516833-100461269	PAN028.chr11.haplotype1:96338564-100283017
PAN010.chr12.haplotype1:116897254-117293030	PAN027.chr12.maternal:118197153-118592926	PAN028.chr12.haplotype2:116837901-117233677
PAN010.chr12.haplotype1:117380282-118779049	PAN027.chr12.maternal:118680178-120078928	PAN028.chr12.haplotype2:117320930-118719695
PAN010.chr12.haplotype1:118757653-122245335	PAN027.chr12.maternal:120057532-123545173	PAN028.chr12.haplotype2:118698299-122185993
PAN010.chr12.haplotype1:122225622-123310134	PAN027.chr12.maternal:123525461-124609959	PAN028.chr12.haplotype2:122166280-123250797
PAN010.chr12.haplotype1:123707870-124032996	PAN027.chr12.maternal:125007741-125332879	PAN028.chr12.haplotype2:123648588-123973739
PAN010.chr12.haplotype1:124015923-125178174	PAN027.chr12.maternal:125315806-126478058	PAN028.chr12.haplotype2:123956665-125118924
PAN010.chr12.haplotype1:125156698-126113391	PAN027.chr12.maternal:126456582-127413267	PAN028.chr12.haplotype2:125097448-126054150
PAN010.chr12.haplotype1:126080145-127739396	PAN027.chr12.maternal:127380021-129039258	PAN028.chr12.haplotype2:126020904-127680128
PAN010.chr12.haplotype1:127716992-129258020	PAN027.chr12.maternal:129016856-130557876	PAN028.chr12.haplotype2:127657726-129198751
PAN010.chr12.haplotype1:129239229-131900642	PAN027.chr12.maternal:130539087-133200489	PAN028.chr12.haplotype2:129179961-131841384
PAN010.chr12.haplotype1:131877671-133231389	PAN027.chr12.maternal:133177518-134531232	PAN028.chr12.haplotype2:131818413-133172137
PAN010.chr12.haplotype1:133233709-133525831	PAN027.chr12.maternal:134533552-134825670	PAN028.chr12.haplotype2:133174457-133466579
PAN010.chr12.haplotype1:67368535-68879615	PAN027.chr12.maternal:68656662-70167738	PAN028.chr12.haplotype2:67297183-68808176
PAN010.chr12.haplotype1:68860577-73266386	PAN027.chr12.maternal:70148701-74554488	PAN028.chr12.haplotype2:68789139-73194960
PAN010.chr12.haplotype1:73257077-73564104	PAN027.chr12.maternal:74545179-74852206	PAN028.chr12.haplotype2:73185651-73492678
PAN010.chr12.haplotype1:73893703-73977479	PAN027.chr12.maternal:75181805-75265582	PAN028.chr12.haplotype2:73822280-73906056
PAN010.chr12.haplotype1:74612713-75561483	PAN027.chr12.maternal:75900818-76849581	PAN028.chr12.haplotype2:74541294-75490060
PAN010.chr12.haplotype1:75673121-76891046	PAN027.chr12.maternal:76961218-78179128	PAN028.chr12.haplotype2:75601698-76819615
PAN010.chr12.haplotype1:76873940-77281813	PAN027.chr12.maternal:78162029-78569890	PAN028.chr12.haplotype2:76802515-77210381
PAN010.chr12.haplotype1:77297410-79157767	PAN027.chr12.maternal:78585487-80445844	PAN028.chr12.haplotype2:77225978-79086338
PAN010.chr12.haplotype1:79854489-80509392	PAN027.chr12.maternal:81142562-81797464	PAN028.chr12.haplotype2:79783062-80437965
PAN010.chr12.haplotype1:80486743-80835926	PAN027.chr12.maternal:81774815-82123998	PAN028.chr12.haplotype2:80415316-80764502
PAN010.chr12.haplotype1:80780371-82795094	PAN027.chr12.maternal:82068443-84083163	PAN028.chr12.haplotype2:80708946-82723675
PAN010.chr12.haplotype1:82648911-87225967	PAN027.chr12.maternal:83936980-88514020	PAN028.chr12.haplotype2:82577492-87154554
PAN010.chr12.haplotype1:87352178-88168889	PAN027.chr12.maternal:88640231-89456937	PAN028.chr12.haplotype2:87280767-88097473
PAN010.chr12.haplotype1:88144979-88920021	PAN027.chr12.maternal:89433027-90208068	PAN028.chr12.haplotype2:88073562-88848605
PAN010.chr12.haplotype1:88899384-89803055	PAN027.chr12.maternal:90187431-91091099	PAN028.chr12.haplotype2:88827968-89731636
PAN010.chr12.haplotype1:90116713-90334840	PAN027.chr12.maternal:91404756-91622882	PAN028.chr12.haplotype2:90045295-90263423
PAN010.chr12.haplotype1:90315557-91539831	PAN027.chr12.maternal:91603599-92827870	PAN028.chr12.haplotype2:90244140-91468414
PAN010.chr12.haplotype1:91549148-91859023	PAN027.chr12.maternal:92837187-93147062	PAN028.chr12.haplotype2:91477731-91787606
PAN010.chr12.haplotype1:91840394-92145269	PAN027.chr12.maternal:93128433-93433308	PAN028.chr12.haplotype2:91768977-92073854
PAN010.chr12.haplotype1:92199533-93376284	PAN027.chr12.maternal:93487572-94664317	PAN028.chr12.haplotype2:92128118-93304871
PAN010.chr12.haplotype1:93355085-94474134	PAN027.chr12.maternal:94643118-95762169	PAN028.chr12.haplotype2:93283672-94402727
PAN010.chr12.haplotype2:101500367-103461598	PAN027.chr12.maternal:101533087-103494303	PAN028.chr12.haplotype2:100173685-102134921
PAN010.chr12.haplotype2:103451251-104858926	PAN027.chr12.maternal:103483956-104891624	PAN028.chr12.haplotype2:102124574-103532257
PAN010.chr12.haplotype2:104850974-106306342	PAN027.chr12.maternal:104883672-106339030	PAN028.chr12.haplotype2:103524305-104979670
PAN010.chr12.haplotype2:106298331-107719114	PAN027.chr12.maternal:106331019-107751800	PAN028.chr12.haplotype2:104971659-106392447
PAN010.chr12.haplotype2:107590521-109068073	PAN027.chr12.maternal:107623207-109100748	PAN028.chr12.haplotype2:106263853-107741408
PAN010.chr12.haplotype2:109100209-111614369	PAN027.chr12.maternal:109132883-111647032	PAN028.chr12.haplotype2:107773543-110287716
PAN010.chr12.haplotype2:111590451-113874518	PAN027.chr12.maternal:111623115-113907165	PAN028.chr12.haplotype2:110263798-112547881
PAN010.chr12.haplotype2:114009636-114598137	PAN027.chr12.maternal:114042281-114630780	PAN028.chr12.haplotype2:112682998-113271502
PAN010.chr12.haplotype2:114588013-114638584	PAN027.chr12.maternal:114620656-114671227	PAN028.chr12.haplotype2:113261378-113311949
PAN010.chr12.haplotype2:114987068-115416481	PAN027.chr12.maternal:115019707-115449119	PAN028.chr12.haplotype2:113660436-114089850
PAN010.chr12.haplotype2:115478754-115816193	PAN027.chr12.maternal:115511392-115848831	PAN028.chr12.haplotype2:114152123-114489564
PAN010.chr12.haplotype2:115865529-117695397	PAN027.chr12.maternal:115898167-117728041	PAN028.chr12.haplotype2:114538900-116368783
PAN010.chr12.haplotype2:117673605-118171983	PAN027.chr12.maternal:117706249-118204261	PAN028.chr12.haplotype2:116346991-116845009
PAN010.chr12.haplotype2:95921541-96556138	PAN027.chr12.maternal:95954285-96588886	PAN028.chr12.haplotype2:94594843-95229451
PAN010.chr12.haplotype2:96532641-98511967	PAN027.chr12.maternal:96565389-98544706	PAN028.chr12.haplotype2:95205953-97185283
PAN010.chr12.haplotype2:98693938-99013121	PAN027.chr12.maternal:98726677-99045858	PAN028.chr12.haplotype2:97367254-97686441
PAN010.chr12.haplotype2:98989556-101520629	PAN027.chr12.maternal:99022293-101553349	PAN028.chr12.haplotype2:97662876-100193947
PAN010.chr13.haplotype1:41795-611709	PAN027.chr13.maternal:49590-625799	PAN028.chr13.haplotype1:46357-603689
PAN010.chr13.haplotype1:587195-2986307	PAN027.chr13.maternal:601285-3000413	PAN028.chr13.haplotype1:579175-2978255
PAN010.chr13.haplotype2:105495248-105958941	PAN027.chr13.maternal:107205680-107669371	PAN028.chr13.haplotype1:107783420-108247112
PAN010.chr13.haplotype2:105966820-106583915	PAN027.chr13.maternal:107677250-108294343	PAN028.chr13.haplotype1:108254991-108872089
PAN010.chr13.haplotype2:18617357-18944899	PAN027.chr13.maternal:20320751-20648289	PAN028.chr13.haplotype1:20858767-21186307
PAN010.chr13.haplotype2:18997929-20385750	PAN027.chr13.maternal:20701318-22089135	PAN028.chr13.haplotype1:21239337-22627163
PAN010.chr13.haplotype2:20365910-20934265	PAN027.chr13.maternal:22069294-22637435	PAN028.chr13.haplotype1:22607322-23175684
PAN010.chr13.haplotype2:20955764-21553417	PAN027.chr13.maternal:22658934-23256585	PAN028.chr13.haplotype1:23197183-23794839
PAN010.chr13.haplotype2:21531548-21777090	PAN027.chr13.maternal:23234717-23480257	PAN028.chr13.haplotype1:23772971-24018512
PAN010.chr13.haplotype2:21751977-22378609	PAN027.chr13.maternal:23455144-24081772	PAN028.chr13.haplotype1:23993399-24620031
PAN010.chr13.haplotype2:22371901-24859149	PAN027.chr13.maternal:24075064-26562306	PAN028.chr13.haplotype1:24613323-27100576
PAN010.chr13.haplotype2:24837638-26006704	PAN027.chr13.maternal:26540795-27709848	PAN028.chr13.haplotype1:27079065-28248128
PAN010.chr13.haplotype2:25988995-26833217	PAN027.chr13.maternal:27692139-28536363	PAN028.chr13.haplotype1:28230419-29074645
PAN010.chr13.haplotype2:26809899-27106346	PAN027.chr13.maternal:28513045-28809490	PAN028.chr13.haplotype1:29051327-29347772
PAN010.chr13.haplotype2:27162445-28217478	PAN027.chr13.maternal:28865589-29920621	PAN028.chr13.haplotype1:29403872-30458906
PAN010.chr13.haplotype2:28193989-29440316	PAN027.chr13.maternal:29897132-31143453	PAN028.chr13.haplotype1:30435417-31681748
PAN010.chr13.haplotype2:29452980-31805476	PAN027.chr13.maternal:31156117-33508606	PAN028.chr13.haplotype1:31694412-34046915
PAN010.chr13.haplotype2:31824963-32148765	PAN027.chr13.maternal:33528093-33851895	PAN028.chr13.haplotype1:34066402-34390205
PAN010.chr13.haplotype2:32112266-32194329	PAN027.chr13.maternal:33815396-33897459	PAN028.chr13.haplotype1:34353706-34435769
PAN010.chr13.haplotype2:32252856-32307892	PAN027.chr13.maternal:33955986-34011022	PAN028.chr13.haplotype1:34494296-34549332
PAN010.chr13.haplotype2:32773924-33079646	PAN027.chr13.maternal:34477053-34782775	PAN028.chr13.haplotype1:35015366-35321089
PAN010.chr13.haplotype2:33058041-33433998	PAN027.chr13.maternal:34761170-35137128	PAN028.chr13.haplotype1:35299484-35675443
PAN010.chr13.haplotype2:33410931-33565912	PAN027.chr13.maternal:35114060-35269040	PAN028.chr13.haplotype1:35652376-35807355
PAN010.chr13.haplotype2:33541818-35042465	PAN027.chr13.maternal:35244946-36745583	PAN028.chr13.haplotype1:35783261-37283916
PAN010.chr13.haplotype2:35020811-35230860	PAN027.chr13.maternal:36723929-36933978	PAN028.chr13.haplotype1:37262262-37472314
PAN010.chr13.haplotype2:35238151-36046985	PAN027.chr13.maternal:36941269-37750100	PAN028.chr13.haplotype1:37479605-38288445
PAN010.chr13.haplotype2:36022988-37632535	PAN027.chr13.maternal:37726103-39335640	PAN028.chr13.haplotype1:38264448-39873998
PAN010.chr13.haplotype2:37609086-39524054	PAN027.chr13.maternal:39312191-41227143	PAN028.chr13.haplotype1:39850549-41765513
PAN010.chr13.haplotype2:39494416-39612190	PAN027.chr13.maternal:41197505-41315279	PAN028.chr13.haplotype1:41735875-41853649
PAN010.chr13.haplotype2:39586807-40203217	PAN027.chr13.maternal:41289896-41906302	PAN028.chr13.haplotype1:41828266-42444674
PAN010.chr13.haplotype2:40177967-40538517	PAN027.chr13.maternal:41881052-42241602	PAN028.chr13.haplotype1:42419424-42779974
PAN010.chr13.haplotype2:40517827-40822482	PAN027.chr13.maternal:42220912-42525566	PAN028.chr13.haplotype1:42759284-43063940
PAN010.chr13.haplotype2:40800850-41096406	PAN027.chr13.maternal:42503934-42799489	PAN028.chr13.haplotype1:43042307-43337863
PAN010.chr13.haplotype2:41074860-42336642	PAN027.chr13.maternal:42777943-44039720	PAN028.chr13.haplotype1:43316317-44578090
PAN010.chr13.haplotype2:42573401-42775741	PAN027.chr13.maternal:44276479-44478819	PAN028.chr13.haplotype1:44814850-45017193
PAN010.chr13.haplotype2:42860026-43468862	PAN027.chr13.maternal:44563102-45171932	PAN028.chr13.haplotype1:45101476-45710311
PAN010.chr13.haplotype2:43447868-43601028	PAN027.chr13.maternal:45150938-45304098	PAN028.chr13.haplotype1:45689317-45842478
PAN010.chr14.haplotype1:30082471-30160891	PAN027.chr14.maternal:27332952-27411371	PAN028.chr14.haplotype1:36579909-36658329
PAN010.chr14.haplotype1:50575148-54282444	PAN027.chr14.maternal:47825538-51532827	PAN028.chr14.haplotype2:50475591-54182907
PAN010.chr14.haplotype1:54337681-54773335	PAN027.chr14.maternal:51588064-52023715	PAN028.chr14.haplotype2:54238144-54673801
PAN010.chr14.haplotype1:54760188-56195553	PAN027.chr14.maternal:52010568-53445926	PAN028.chr14.haplotype2:54660653-56096023
PAN010.chr14.haplotype1:56169170-56771955	PAN027.chr14.maternal:53419543-54022566	PAN028.chr14.haplotype2:56069640-56672665
PAN010.chr14.haplotype1:56753148-58123232	PAN027.chr14.maternal:54003522-55373842	PAN028.chr14.haplotype2:56653620-58023947
PAN010.chr14.haplotype1:58095457-58960978	PAN027.chr14.maternal:55346067-56211588	PAN028.chr14.haplotype2:57996172-58861694
PAN010.chr14.haplotype1:58936738-60057091	PAN027.chr14.maternal:56187348-57307691	PAN028.chr14.haplotype2:58837454-59957805
PAN010.chr14.haplotype1:60055921-60335948	PAN027.chr14.maternal:57306521-57586545	PAN028.chr14.haplotype2:59956635-60236660
PAN010.chr14.haplotype1:60313893-61357527	PAN027.chr14.maternal:57564490-58608117	PAN028.chr14.haplotype2:60214605-61258243
PAN010.chr14.haplotype1:61351840-65970335	PAN027.chr14.maternal:58602430-63220907	PAN028.chr14.haplotype2:61252556-65871066
PAN010.chr14.haplotype1:65948442-70942292	PAN027.chr14.maternal:63199014-68192830	PAN028.chr14.haplotype2:65849172-70843048
PAN010.chr14.haplotype1:70915883-71160589	PAN027.chr14.maternal:68166420-68411126	PAN028.chr14.haplotype2:70816639-71061344
PAN010.chr14.haplotype1:71208721-71783156	PAN027.chr14.maternal:68459257-69033686	PAN028.chr14.haplotype2:71109476-71683912
PAN010.chr14.haplotype1:71780999-72280803	PAN027.chr14.maternal:69031529-69531335	PAN028.chr14.haplotype2:71681755-72181568
PAN010.chr14.haplotype1:72275411-74254412	PAN027.chr14.maternal:69525943-71504927	PAN028.chr14.haplotype2:72176176-74155187
PAN010.chr14.haplotype1:74234508-75406602	PAN027.chr14.maternal:71485023-72657109	PAN028.chr14.haplotype2:74135283-75307367
PAN010.chr14.haplotype1:75394519-75432428	PAN027.chr14.maternal:72645026-72682936	PAN028.chr14.haplotype2:75295284-75333193
PAN010.chr14.haplotype1:75418551-78267585	PAN027.chr14.maternal:72669058-75518087	PAN028.chr14.haplotype2:75319316-78168352
PAN010.chr14.haplotype1:78250917-79601700	PAN027.chr14.maternal:75501419-76852197	PAN028.chr14.haplotype2:78151684-79502468
PAN010.chr14.haplotype1:79580673-80068272	PAN027.chr14.maternal:76831170-77318772	PAN028.chr14.haplotype2:79481441-79969045
PAN010.chr14.haplotype1:80237588-84049760	PAN027.chr14.maternal:77488088-81300262	PAN028.chr14.haplotype2:80138361-83950547
PAN010.chr14.haplotype1:83930446-84960047	PAN027.chr14.maternal:81180948-82210546	PAN028.chr14.haplotype2:83831233-84860837
PAN010.chr14.haplotype1:84937209-85284756	PAN027.chr14.maternal:82187708-82535254	PAN028.chr14.haplotype2:84837999-85185546
PAN010.chr14.haplotype1:85262353-87897283	PAN027.chr14.maternal:82512851-85147763	PAN028.chr14.haplotype2:85163143-87798081
PAN010.chr14.haplotype1:87886600-92226800	PAN027.chr14.maternal:85137080-89477262	PAN028.chr14.haplotype2:87787398-92127600
PAN010.chr14.haplotype1:92258837-93100281	PAN027.chr14.maternal:89509299-90350740	PAN028.chr14.haplotype2:92159637-93001088
PAN010.chr14.haplotype1:93078341-93609065	PAN027.chr14.maternal:90328800-90859524	PAN028.chr14.haplotype2:92979148-93509875
PAN010.chr15.haplotype1:35367088-36146772	PAN027.chr15.maternal:33287943-34067620	PAN028.chr15.haplotype2:32936650-33716329
PAN010.chr15.haplotype1:36128533-37598448	PAN027.chr15.maternal:34049381-35519294	PAN028.chr15.haplotype2:33698090-35168012
PAN010.chr15.haplotype1:37573584-38459046	PAN027.chr15.maternal:35494430-36379889	PAN028.chr15.haplotype2:35143148-36028609
PAN010.chr15.haplotype1:38440206-41362392	PAN027.chr15.maternal:36361049-39283210	PAN028.chr15.haplotype2:36009769-38931958
PAN010.chr15.haplotype1:41340365-44203914	PAN027.chr15.maternal:39261183-42124710	PAN028.chr15.haplotype2:38909931-41773484
PAN010.chr15.haplotype1:44181337-44296514	PAN027.chr15.maternal:42102134-42217310	PAN028.chr15.haplotype2:41750908-41866085
PAN010.chr15.haplotype1:44277916-45537531	PAN027.chr15.maternal:42198712-43458322	PAN028.chr15.haplotype2:41847487-43107099
PAN010.chr15.haplotype1:45667600-46298735	PAN027.chr15.maternal:43588391-44219525	PAN028.chr15.haplotype2:43237168-43868303
PAN010.chr15.haplotype1:46278554-47167381	PAN027.chr15.maternal:44199344-45088165	PAN028.chr15.haplotype2:43848122-44736949
PAN010.chr15.haplotype1:47489219-50069003	PAN027.chr15.maternal:45409999-47989738	PAN028.chr15.haplotype2:45058787-47638554
PAN010.chr15.haplotype1:50051716-50462032	PAN027.chr15.maternal:47972453-48382763	PAN028.chr15.haplotype2:47621267-48031583
PAN010.chr15.haplotype1:50485025-51282973	PAN027.chr15.maternal:48405756-49203713	PAN028.chr15.haplotype2:48054576-48852542
PAN010.chr15.haplotype1:51214376-52002714	PAN027.chr15.maternal:49135116-49923454	PAN028.chr15.haplotype2:48783945-49572287
PAN010.chr15.haplotype1:52053919-57239615	PAN027.chr15.maternal:49974659-55160332	PAN028.chr15.haplotype2:49623492-54809195
PAN010.chr15.haplotype1:57212650-57328606	PAN027.chr15.maternal:55133367-55249322	PAN028.chr15.haplotype2:54782230-54898186
PAN010.chr15.haplotype1:59242767-59502377	PAN027.chr15.maternal:57163461-57423071	PAN028.chr15.haplotype2:56812329-57071942
PAN010.chr15.haplotype1:59482202-59616517	PAN027.chr15.maternal:57402896-57537210	PAN028.chr15.haplotype2:57051766-57186082
PAN010.chr15.haplotype1:59594728-59724871	PAN027.chr15.maternal:57515421-57645564	PAN028.chr15.haplotype2:57164293-57294437
PAN010.chr16.haplotype1:1694700-2675348	PAN027.chr16.maternal:1694619-2675531	PAN028.chr16.haplotype1:1694679-2675606
PAN010.chr16.haplotype1:47007-840748	PAN027.chr16.maternal:46946-840675	PAN028.chr16.haplotype1:47007-840723
PAN010.chr16.haplotype1:54896222-55024456	PAN027.chr16.maternal:55010158-55138391	PAN028.chr16.haplotype2:57627301-57755531
PAN010.chr16.haplotype1:63631472-67477489	PAN027.chr16.maternal:63745322-67591326	PAN028.chr16.haplotype1:62832606-66678620
PAN010.chr16.haplotype1:69466080-70966412	PAN027.chr16.maternal:69580006-71080321	PAN028.chr16.haplotype1:68667332-70167680
PAN010.chr16.haplotype1:71579632-73823429	PAN027.chr16.maternal:71693538-73937320	PAN028.chr16.haplotype1:70780914-73024721
PAN010.chr16.haplotype1:73847082-76371764	PAN027.chr16.maternal:73960973-76485629	PAN028.chr16.haplotype1:73048374-75573076
PAN010.chr16.haplotype1:76348635-81514441	PAN027.chr16.maternal:76462500-81628264	PAN028.chr16.haplotype1:75549945-80715760
PAN010.chr16.haplotype1:81493040-85124632	PAN027.chr16.maternal:81606864-85238424	PAN028.chr16.haplotype1:80694360-84325956
PAN010.chr16.haplotype1:822300-1713954	PAN027.chr16.maternal:822227-1713872	PAN028.chr16.haplotype1:822274-1713932
PAN010.chr17.haplotype1:57972147-58471246	PAN027.chr17.maternal:58527132-59026228	PAN028.chr17.haplotype1:58511353-59010455
PAN010.chr17.haplotype1:58445714-61847312	PAN027.chr17.maternal:59000696-62402274	PAN028.chr17.haplotype1:58984923-62386533
PAN010.chr17.haplotype1:61823068-62141565	PAN027.chr17.maternal:62378031-62696526	PAN028.chr17.haplotype1:62362290-62680785
PAN010.chr17.haplotype1:62131883-62789801	PAN027.chr17.maternal:62686844-63344755	PAN028.chr17.haplotype1:62671103-63329023
PAN010.chr17.haplotype1:62771765-63387187	PAN027.chr17.maternal:63326719-63942139	PAN028.chr17.haplotype1:63310987-63926409
PAN010.chr17.haplotype1:63369743-67840020	PAN027.chr17.maternal:63924695-68394929	PAN028.chr17.haplotype1:63908965-68379250
PAN010.chr17.haplotype1:67817456-68477570	PAN027.chr17.maternal:68372365-69032475	PAN028.chr17.haplotype1:68356682-69016798
PAN010.chr17.haplotype1:68271317-72026737	PAN027.chr17.maternal:68826224-72581621	PAN028.chr17.haplotype1:68810556-72565967
PAN010.chr17.haplotype2:13279072-13475544	PAN027.chr17.maternal:13281597-13478065	PAN028.chr17.haplotype1:13261827-13458298
PAN010.chr17.haplotype2:13474193-13543166	PAN027.chr17.maternal:13476714-13545686	PAN028.chr17.haplotype1:13456947-13525921
PAN010.chr17.haplotype2:13545217-13898419	PAN027.chr17.maternal:13547737-13900936	PAN028.chr17.haplotype1:13527972-13881179
PAN010.chr17.haplotype2:13907997-15250382	PAN027.chr17.maternal:13910514-15252897	PAN028.chr17.haplotype1:13890757-15233147
PAN010.chr17.haplotype2:15258009-16970727	PAN027.chr17.maternal:15260524-16973232	PAN028.chr17.haplotype1:15240774-16953497
PAN010.chr17.haplotype2:16953884-18542058	PAN027.chr17.maternal:16956389-18544547	PAN028.chr17.haplotype1:16936654-18524819
PAN010.chr17.haplotype2:18523845-19295781	PAN027.chr17.maternal:18526334-19298258	PAN028.chr17.haplotype1:18506606-19278545
PAN010.chr17.haplotype2:19429383-19711170	PAN027.chr17.maternal:19431860-19713645	PAN028.chr17.haplotype1:19412148-19693933
PAN010.chr17.haplotype2:20460980-20647606	PAN027.chr17.maternal:20463455-20650078	PAN028.chr17.haplotype1:20443755-20630381
PAN010.chr17.haplotype2:20638605-21629551	PAN027.chr17.maternal:20641077-21632017	PAN028.chr17.haplotype1:20621380-21612333
PAN010.chr17.haplotype2:21601579-21617758	PAN027.chr17.maternal:21604045-21620224	PAN028.chr17.haplotype1:21584361-21600540
PAN010.chr17.haplotype2:21606475-23431317	PAN027.chr17.maternal:21608941-23433774	PAN028.chr17.haplotype1:21589257-23414099
PAN010.chr17.haplotype2:23400134-24702344	PAN027.chr17.maternal:23402591-24704800	PAN028.chr17.haplotype1:23382916-24685276
PAN010.chr17.haplotype2:24677571-25195081	PAN027.chr17.maternal:24680027-25197537	PAN028.chr17.haplotype1:24660353-25177863
PAN010.chr17.haplotype2:25480208-25552297	PAN027.chr17.maternal:25482664-25554753	PAN028.chr17.haplotype1:25475893-25547982
PAN010.chr17.haplotype2:25534836-25919769	PAN027.chr17.maternal:25537292-25922225	PAN028.chr17.haplotype1:25530521-25915454
PAN010.chr17.haplotype2:25894830-25967906	PAN027.chr17.maternal:25897286-25970362	PAN028.chr17.haplotype1:25890515-25963591
PAN010.chr17.haplotype2:25944758-26319461	PAN027.chr17.maternal:25947027-26321917	PAN028.chr17.haplotype1:25940256-26315146
PAN010.chr17.haplotype2:26295810-26712054	PAN027.chr17.maternal:26298266-26714510	PAN028.chr17.haplotype1:26291701-26707739
PAN010.chr17.haplotype2:26689206-27216164	PAN027.chr17.maternal:26691662-27218620	PAN028.chr17.haplotype1:26684891-27211849
PAN010.chr17.haplotype2:27202451-27337266	PAN027.chr17.maternal:27204907-27339722	PAN028.chr17.haplotype1:27198136-27332952
PAN010.chr17.haplotype2:27312706-28545055	PAN027.chr17.maternal:27315162-28547507	PAN028.chr17.haplotype1:27308392-28540741
PAN010.chr17.haplotype2:28523605-29126292	PAN027.chr17.maternal:28526057-29128740	PAN028.chr17.haplotype1:28519291-29121980
PAN010.chr17.haplotype2:29107615-29570918	PAN027.chr17.maternal:29110063-29573364	PAN028.chr17.haplotype1:29103303-29566616
PAN010.chr17.haplotype2:29552659-30413352	PAN027.chr17.maternal:29555105-30415792	PAN028.chr17.haplotype1:29548356-30409051
PAN010.chr17.haplotype2:30384308-31334235	PAN027.chr17.maternal:30386749-31336674	PAN028.chr17.haplotype1:30380008-31329945
PAN010.chr17.haplotype2:52311378-52566943	PAN027.chr17.maternal:52313633-52569195	PAN028.chr17.haplotype1:52297846-52553410
PAN010.chr17.haplotype2:52543848-53073657	PAN027.chr17.maternal:52546100-53075908	PAN028.chr17.haplotype1:52530315-53060123
PAN010.chr17.haplotype2:53053831-54561464	PAN027.chr17.maternal:53056082-54563711	PAN028.chr17.haplotype1:53040297-54547931
PAN010.chr17.haplotype2:54972064-56516662	PAN027.chr17.maternal:54974322-56518921	PAN028.chr17.haplotype1:54958543-56503148
PAN010.chr17.haplotype2:56600268-56895208	PAN027.chr17.maternal:56602527-56897464	PAN028.chr17.haplotype1:56586755-56881693
PAN010.chr17.haplotype2:56871586-58529903	PAN027.chr17.maternal:56873842-58532156	PAN028.chr17.haplotype1:56858071-58516379
PAN010.chr17.haplotype2:8849536-13302358	PAN027.chr17.maternal:8852093-13304883	PAN028.chr17.haplotype1:8833399-13285113
PAN010.chr18.haplotype1:38345646-39282321	PAN027.chr18.maternal:38608324-39544990	PAN028.chr18.haplotype2:38628786-39565455
PAN010.chr18.haplotype1:41361372-42321214	PAN027.chr18.maternal:41624040-42583878	PAN028.chr18.haplotype2:41644507-42604348
PAN010.chr18.haplotype1:42321537-43781615	PAN027.chr18.maternal:42584201-44044278	PAN028.chr18.haplotype2:42604671-44064756
PAN010.chr18.haplotype1:43763969-45097167	PAN027.chr18.maternal:44026632-45359824	PAN028.chr18.haplotype2:44047110-45380309
PAN010.chr18.haplotype1:44957164-45776514	PAN027.chr18.maternal:45219822-46039164	PAN028.chr18.haplotype2:45240306-46059653
PAN010.chr18.haplotype1:45754163-46964023	PAN027.chr18.maternal:46016813-47226670	PAN028.chr18.haplotype2:46037302-47247169
PAN010.chr18.haplotype1:46996131-47099168	PAN027.chr18.maternal:47258778-47361813	PAN028.chr18.haplotype2:47279277-47382316
PAN010.chr18.haplotype1:47091026-47379935	PAN027.chr18.maternal:47353671-47642578	PAN028.chr18.haplotype2:47374174-47663083
PAN010.chr18.haplotype1:47483778-52289569	PAN027.chr18.maternal:47793750-52599512	PAN028.chr18.haplotype2:47814247-52620057
PAN010.chr18.haplotype1:52258052-55821142	PAN027.chr18.maternal:52567995-56131063	PAN028.chr18.haplotype2:52588540-56151623
PAN010.chr18.haplotype1:55810007-56664661	PAN027.chr18.maternal:56119927-56974573	PAN028.chr18.haplotype2:56140488-56995136
PAN010.chr18.haplotype1:56641975-57239762	PAN027.chr18.maternal:56951887-57549669	PAN028.chr18.haplotype2:56972450-57570235
PAN010.chr18.haplotype1:57223938-57863267	PAN027.chr18.maternal:57533846-58173173	PAN028.chr18.haplotype2:57554412-58193741
PAN010.chr18.haplotype1:57842618-60965139	PAN027.chr18.maternal:58152524-61275027	PAN028.chr18.haplotype2:58173092-61295633
PAN010.chr18.haplotype1:6238966-9597805	PAN027.chr18.maternal:6240696-9599529	PAN028.chr18.haplotype2:6259252-9618098
PAN010.chr18.haplotype1:9577388-9821445	PAN027.chr18.maternal:9579112-9823169	PAN028.chr18.haplotype2:9597681-9841739
PAN010.chr18.haplotype2:10023110-10411391	PAN027.chr18.maternal:10017885-10406168	PAN028.chr18.haplotype2:10036454-10424737
PAN010.chr18.haplotype2:10393500-10781496	PAN027.chr18.maternal:10388277-10776273	PAN028.chr18.haplotype2:10406846-10794842
PAN010.chr18.haplotype2:10762070-11039998	PAN027.chr18.maternal:10756847-11034775	PAN028.chr18.haplotype2:10775416-11053344
PAN010.chr18.haplotype2:11020068-11370017	PAN027.chr18.maternal:11014845-11364793	PAN028.chr18.haplotype2:11033414-11383364
PAN010.chr18.haplotype2:11343877-11460776	PAN027.chr18.maternal:11338653-11455552	PAN028.chr18.haplotype2:11357224-11474123
PAN010.chr18.haplotype2:11438232-11956014	PAN027.chr18.maternal:11433008-11950792	PAN028.chr18.haplotype2:11451579-11969370
PAN010.chr18.haplotype2:11935916-23243251	PAN027.chr18.maternal:11930694-23231196	PAN028.chr18.haplotype2:11949272-23250352
PAN010.chr18.haplotype2:23221721-23887311	PAN027.chr18.maternal:23209666-23875249	PAN028.chr18.haplotype2:23228822-23894410
PAN010.chr18.haplotype2:23917333-24365850	PAN027.chr18.maternal:23905272-24353789	PAN028.chr18.haplotype2:23924433-24372951
PAN010.chr18.haplotype2:24343075-24498370	PAN027.chr18.maternal:24331014-24486309	PAN028.chr18.haplotype2:24350176-24505470
PAN010.chr18.haplotype2:24491481-26128079	PAN027.chr18.maternal:24479420-26115998	PAN028.chr18.haplotype2:24498581-26135201
PAN010.chr18.haplotype2:26114548-26887699	PAN027.chr18.maternal:26102467-26875612	PAN028.chr18.haplotype2:26121670-26894819
PAN010.chr18.haplotype2:27014800-28786391	PAN027.chr18.maternal:27002713-28773140	PAN028.chr18.haplotype2:27021920-28793540
PAN010.chr18.haplotype2:29307534-29987649	PAN027.chr18.maternal:29294278-29974390	PAN028.chr18.haplotype2:29314681-29994796
PAN010.chr18.haplotype2:29963434-30513543	PAN027.chr18.maternal:29950177-30500283	PAN028.chr18.haplotype2:29970583-30520691
PAN010.chr18.haplotype2:30619746-32431124	PAN027.chr18.maternal:30606487-32417860	PAN028.chr18.haplotype2:30626896-32438276
PAN010.chr18.haplotype2:32405086-32888760	PAN027.chr18.maternal:32391822-32875492	PAN028.chr18.haplotype2:32412237-32895914
PAN010.chr18.haplotype2:32908282-33506996	PAN027.chr18.maternal:32895014-33493728	PAN028.chr18.haplotype2:32915436-33514164
PAN010.chr18.haplotype2:33477377-33999127	PAN027.chr18.maternal:33464109-33985859	PAN028.chr18.haplotype2:33484545-34006298
PAN010.chr18.haplotype2:34010117-35132058	PAN027.chr18.maternal:33996849-35118787	PAN028.chr18.haplotype2:34017288-35139230
PAN010.chr18.haplotype2:35132759-35213290	PAN027.chr18.maternal:35119488-35200023	PAN028.chr18.haplotype2:35139931-35220466
PAN010.chr18.haplotype2:35171508-35738782	PAN027.chr18.maternal:35158237-35725515	PAN028.chr18.haplotype2:35178680-35745961
PAN010.chr18.haplotype2:35755145-36033078	PAN027.chr18.maternal:35741878-36019810	PAN028.chr18.haplotype2:35762324-36040258
PAN010.chr18.haplotype2:36015809-38633974	PAN027.chr18.maternal:36002541-38620694	PAN028.chr18.haplotype2:36022989-38641156
PAN010.chr18.haplotype2:9823803-10041213	PAN027.chr18.maternal:9818577-10035988	PAN028.chr18.haplotype2:9837147-10054557
PAN010.chr19.haplotype1:11527544-12898662	PAN027.chr19.maternal:11505272-12876367	PAN028.chr19.haplotype1:11493264-12864385
PAN010.chr19.haplotype1:12826835-13828326	PAN027.chr19.maternal:12804541-13806021	PAN028.chr19.haplotype1:12792557-13794058
PAN010.chr19.haplotype1:13807115-14349490	PAN027.chr19.maternal:13784812-14327179	PAN028.chr19.haplotype1:13772849-14315207
PAN010.chr19.haplotype1:14344505-15381064	PAN027.chr19.maternal:14322195-15358734	PAN028.chr19.haplotype1:14310228-15346768
PAN010.chr19.haplotype1:49588460-51424779	PAN027.chr19.maternal:49473044-51309335	PAN028.chr19.haplotype1:50010665-51846971
PAN010.chr19.haplotype1:51415388-55943397	PAN027.chr19.maternal:51299944-55827897	PAN028.chr19.haplotype1:51837580-56365639
PAN010.chr19.haplotype1:55924838-56404492	PAN027.chr19.maternal:55809338-56288988	PAN028.chr19.haplotype1:56347080-56826733
PAN010.chr19.haplotype1:56379797-58331972	PAN027.chr19.maternal:56264293-58216463	PAN028.chr19.haplotype1:56802038-58754228
PAN010.chr19.haplotype1:58325696-58512504	PAN027.chr19.maternal:58210187-58396994	PAN028.chr19.haplotype1:58747953-58934762
PAN010.chr19.haplotype1:58510724-59360135	PAN027.chr19.maternal:58395214-59244651	PAN028.chr19.haplotype1:58932982-59782436
PAN010.chr19.haplotype1:59345083-59481357	PAN027.chr19.maternal:59229598-59365872	PAN028.chr19.haplotype1:59767384-59903660
PAN010.chr19.haplotype1:59524644-60327994	PAN027.chr19.maternal:59409158-60212455	PAN028.chr19.haplotype1:59946946-60750291
PAN010.chr19.haplotype1:60455310-61369596	PAN027.chr19.maternal:60339769-61254054	PAN028.chr19.haplotype1:60877609-61791899
PAN010.chr19.haplotype2:10467585-11511982	PAN027.chr19.maternal:10467612-11511989	PAN028.chr19.haplotype1:10455580-11499983
PAN010.chr19.haplotype2:1234232-1516927	PAN027.chr19.maternal:1233827-1516514	PAN028.chr19.haplotype1:1221589-1504284
PAN010.chr19.haplotype2:1377859-1944916	PAN027.chr19.maternal:1377450-1944500	PAN028.chr19.haplotype1:1365216-1932275
PAN010.chr19.haplotype2:1917008-3351404	PAN027.chr19.maternal:1916593-3351508	PAN028.chr19.haplotype1:1904367-3339309
PAN010.chr19.haplotype2:3380771-4537465	PAN027.chr19.maternal:3380875-4537557	PAN028.chr19.haplotype1:3368676-4525391
PAN010.chr19.haplotype2:4519973-7932124	PAN027.chr19.maternal:4520066-7932189	PAN028.chr19.haplotype1:4507898-7920093
PAN010.chr19.haplotype2:7909107-8714699	PAN027.chr19.maternal:7909172-8714742	PAN028.chr19.haplotype1:7897076-8702672
PAN010.chr19.haplotype2:8693870-9091506	PAN027.chr19.maternal:8693913-9091547	PAN028.chr19.haplotype1:8681843-9079486
PAN010.chr19.haplotype2:9073558-10485057	PAN027.chr19.maternal:9073601-10485084	PAN028.chr19.haplotype1:9061535-10473052
PAN010.chr19.haplotype2:999833-1251631	PAN027.chr19.maternal:999430-1251226	PAN028.chr19.haplotype1:987186-1238988
PAN010.chr2.haplotype1:168420353-169433681	PAN027.chr2.maternal:168357693-169371017	PAN028.chr2.haplotype1:170222692-171236055
PAN010.chr2.haplotype1:169463880-170592609	PAN027.chr2.maternal:169401216-170529936	PAN028.chr2.haplotype1:171266254-172394988
PAN010.chr2.haplotype1:170586279-171083653	PAN027.chr2.maternal:170523606-171020976	PAN028.chr2.haplotype1:172388658-172886036
PAN010.chr2.haplotype1:171062799-171640874	PAN027.chr2.maternal:171000123-171578191	PAN028.chr2.haplotype1:172865183-173443265
PAN010.chr2.haplotype1:171619137-172643328	PAN027.chr2.maternal:171556454-172580638	PAN028.chr2.haplotype1:173421528-174445718
PAN010.chr2.haplotype1:172621661-173248509	PAN027.chr2.maternal:172558971-173185815	PAN028.chr2.haplotype1:174424051-175050900
PAN010.chr2.haplotype1:173228448-173388874	PAN027.chr2.maternal:173165754-173326180	PAN028.chr2.haplotype1:175030839-175191267
PAN010.chr2.haplotype1:173369202-173477745	PAN027.chr2.maternal:173306508-173415049	PAN028.chr2.haplotype1:175171595-175280137
PAN010.chr2.haplotype1:173454620-174841698	PAN027.chr2.maternal:173391924-174779000	PAN028.chr2.haplotype1:175257011-176644100
PAN010.chr2.haplotype1:174981507-175211018	PAN027.chr2.maternal:174918805-175148316	PAN028.chr2.haplotype1:176783908-177013418
PAN010.chr2.haplotype1:175190340-175520329	PAN027.chr2.maternal:175127637-175457624	PAN028.chr2.haplotype1:176992740-177322729
PAN010.chr2.haplotype1:175537950-178967199	PAN027.chr2.maternal:175475245-178904474	PAN028.chr2.haplotype1:177340350-180769596
PAN010.chr2.haplotype1:178955292-179210118	PAN027.chr2.maternal:178892567-179147392	PAN028.chr2.haplotype1:180757689-181012515
PAN010.chr2.haplotype1:179195726-182106296	PAN027.chr2.maternal:179133000-182043558	PAN028.chr2.haplotype1:180998123-183908691
PAN010.chr2.haplotype1:182077013-188397315	PAN027.chr2.maternal:182014275-188334571	PAN028.chr2.haplotype1:183879408-190199723
PAN010.chr2.haplotype1:189601846-190821924	PAN027.chr2.maternal:189539100-190759170	PAN028.chr2.haplotype1:191404257-192624332
PAN010.chr2.haplotype1:190802302-194057169	PAN027.chr2.maternal:190739547-193994415	PAN028.chr2.haplotype1:192604710-195859601
PAN010.chr2.haplotype1:194027552-194832016	PAN027.chr2.maternal:193964798-194769259	PAN028.chr2.haplotype1:195829983-196634447
PAN010.chr2.haplotype1:194820319-196788468	PAN027.chr2.maternal:194757562-196725696	PAN028.chr2.haplotype1:196622750-198590892
PAN010.chr2.haplotype1:196765205-197077387	PAN027.chr2.maternal:196702433-197014615	PAN028.chr2.haplotype1:198567629-198879812
PAN010.chr2.haplotype1:197053750-199060914	PAN027.chr2.maternal:196990978-198998134	PAN028.chr2.haplotype1:198856175-200863342
PAN010.chr2.haplotype1:199039683-200209177	PAN027.chr2.maternal:198976903-200146396	PAN028.chr2.haplotype1:200842111-202011609
PAN010.chr2.haplotype1:200375471-201079355	PAN027.chr2.maternal:200312692-201016576	PAN028.chr2.haplotype1:202177903-202881787
PAN010.chr2.haplotype1:201058031-201935272	PAN027.chr2.maternal:200995252-201872457	PAN028.chr2.haplotype1:202860463-203737672
PAN010.chr2.haplotype1:202180738-202450035	PAN027.chr2.maternal:202117921-202387229	PAN028.chr2.haplotype1:203983139-204252446
PAN010.chr2.haplotype1:202427515-205054659	PAN027.chr2.maternal:202364709-204991842	PAN028.chr2.haplotype1:204229926-206857079
PAN010.chr2.haplotype1:205035057-206724574	PAN027.chr2.maternal:204972240-206661752	PAN028.chr2.haplotype1:206837477-208526996
PAN010.chr2.haplotype1:206700485-207779139	PAN027.chr2.maternal:206637662-207716313	PAN028.chr2.haplotype1:208502907-209581560
PAN010.chr2.haplotype1:207760469-212356034	PAN027.chr2.maternal:207697643-212293184	PAN028.chr2.haplotype1:209562890-214158466
PAN010.chr2.haplotype1:212389714-216986650	PAN027.chr2.maternal:212326854-216923774	PAN028.chr2.haplotype1:214192136-218789084
PAN010.chr2.haplotype1:217046134-217535471	PAN027.chr2.maternal:216983257-217472586	PAN028.chr2.haplotype1:218848566-219337901
PAN010.chr2.haplotype1:217810069-218321711	PAN027.chr2.maternal:217747184-218258828	PAN028.chr2.haplotype1:219612500-220124143
PAN010.chr2.haplotype1:218301229-219346287	PAN027.chr2.maternal:218238346-219283400	PAN028.chr2.haplotype1:220103661-221148728
PAN010.chr2.haplotype1:219323199-219789351	PAN027.chr2.maternal:219260312-219726462	PAN028.chr2.haplotype1:221125640-221591790
PAN010.chr2.haplotype1:219893784-219974778	PAN027.chr2.maternal:219830895-219911889	PAN028.chr2.haplotype1:221696223-221777218
PAN010.chr2.haplotype1:220065762-220942052	PAN027.chr2.maternal:220002871-220879159	PAN028.chr2.haplotype1:221868201-222744496
PAN010.chr2.haplotype1:220958802-221842039	PAN027.chr2.maternal:220895909-221779140	PAN028.chr2.haplotype1:222761246-223644484
PAN010.chr2.haplotype1:221828459-224965617	PAN027.chr2.maternal:221765560-224902696	PAN028.chr2.haplotype1:223630904-226768078
PAN010.chr2.haplotype1:224960562-227318040	PAN027.chr2.maternal:224897641-227255098	PAN028.chr2.haplotype1:226763023-229120500
PAN010.chr2.haplotype1:227276358-229753648	PAN027.chr2.maternal:227213423-229690711	PAN028.chr2.haplotype1:229078818-231556121
PAN010.chr2.haplotype1:229729854-234608259	PAN027.chr2.maternal:229666911-234545069	PAN028.chr2.haplotype1:231532321-236410761
PAN010.chr2.haplotype1:234583093-235801701	PAN027.chr2.maternal:234519903-235738504	PAN028.chr2.haplotype1:236385595-237604203
PAN010.chr2.haplotype1:235775892-236069682	PAN027.chr2.maternal:235712695-236006482	PAN028.chr2.haplotype1:237578394-237872184
PAN010.chr2.haplotype1:236049610-236113754	PAN027.chr2.maternal:235986410-236050554	PAN028.chr2.haplotype1:237852111-237916256
PAN010.chr2.haplotype1:236092211-236704819	PAN027.chr2.maternal:236029011-236641617	PAN028.chr2.haplotype1:237894713-238507323
PAN010.chr2.haplotype1:236681936-236751742	PAN027.chr2.maternal:236618734-236688540	PAN028.chr2.haplotype1:238484440-238554246
PAN010.chr2.haplotype1:236752369-238665224	PAN027.chr2.maternal:236689167-238602013	PAN028.chr2.haplotype1:238554873-240467732
PAN010.chr2.haplotype1:238644984-238863546	PAN027.chr2.maternal:238581773-238800334	PAN028.chr2.haplotype1:240447492-240666054
PAN010.chr2.haplotype1:238865667-239417587	PAN027.chr2.maternal:238802455-239354372	PAN028.chr2.haplotype1:240668175-241220093
PAN010.chr2.haplotype1:239522707-241354032	PAN027.chr2.maternal:239459491-241290813	PAN028.chr2.haplotype1:241325212-243156542
PAN010.chr2.haplotype1:241341099-241785468	PAN027.chr2.maternal:241277880-241722246	PAN028.chr2.haplotype1:243143609-243587976
PAN010.chr2.haplotype1:241722196-242291359	PAN027.chr2.maternal:241658976-242228140	PAN028.chr2.haplotype1:243524705-244093889
PAN010.chr2.haplotype1:5881024-6271712	PAN027.chr2.maternal:5883057-6273743	PAN028.chr2.haplotype1:5882136-6272822
PAN010.chr2.haplotype1:6247668-6406732	PAN027.chr2.maternal:6249699-6408763	PAN028.chr2.haplotype1:6248778-6407843
PAN010.chr2.haplotype1:6381982-6862208	PAN027.chr2.maternal:6384013-6864234	PAN028.chr2.haplotype1:6383093-6863315
PAN010.chr2.haplotype1:6386534-6401592	PAN027.chr2.maternal:6388565-6403623	PAN028.chr2.haplotype1:6387645-6402703
PAN010.chr2.haplotype1:6840795-7139260	PAN027.chr2.maternal:6842821-7141286	PAN028.chr2.haplotype1:6841902-7140367
PAN010.chr2.haplotype1:69201265-69782271	PAN027.chr2.maternal:69138949-69719942	PAN028.chr2.haplotype1:69138474-69719476
PAN010.chr2.haplotype1:7134186-7288230	PAN027.chr2.maternal:7136212-7290256	PAN028.chr2.haplotype1:7135293-7289337
PAN010.chr2.haplotype1:7291948-7432657	PAN027.chr2.maternal:7293974-7434683	PAN028.chr2.haplotype1:7293055-7433764
PAN010.chr2.haplotype1:7413586-7469435	PAN027.chr2.maternal:7415612-7471461	PAN028.chr2.haplotype1:7414693-7470542
PAN010.chr2.haplotype1:7446782-7652583	PAN027.chr2.maternal:7448808-7654606	PAN028.chr2.haplotype1:7447889-7653687
PAN010.chr2.haplotype1:7632195-8546003	PAN027.chr2.maternal:7634218-8548022	PAN028.chr2.haplotype1:7633299-8547105
PAN010.chr2.haplotype2:10416093-13287646	PAN027.chr2.maternal:10443279-13314814	PAN028.chr2.haplotype1:10442382-13313947
PAN010.chr2.haplotype2:13266527-13585753	PAN027.chr2.maternal:13293695-13612921	PAN028.chr2.haplotype1:13292828-13612054
PAN010.chr2.haplotype2:13752557-15350338	PAN027.chr2.maternal:13779725-15377502	PAN028.chr2.haplotype1:13778859-15376642
PAN010.chr2.haplotype2:15327746-15548110	PAN027.chr2.maternal:15354910-15575274	PAN028.chr2.haplotype1:15354050-15574415
PAN010.chr2.haplotype2:15522723-17531609	PAN027.chr2.maternal:15549887-17558770	PAN028.chr2.haplotype1:15549028-17557911
PAN010.chr2.haplotype2:17510298-18625016	PAN027.chr2.maternal:17537459-18652173	PAN028.chr2.haplotype1:17536600-18651318
PAN010.chr2.haplotype2:18602397-18993650	PAN027.chr2.maternal:18629554-19020808	PAN028.chr2.haplotype1:18628699-19019953
PAN010.chr2.haplotype2:18991759-19254182	PAN027.chr2.maternal:19018917-19281340	PAN028.chr2.haplotype1:19018062-19280487
PAN010.chr2.haplotype2:19277994-19741616	PAN027.chr2.maternal:19305152-19768772	PAN028.chr2.haplotype1:19304300-19767921
PAN010.chr2.haplotype2:19735869-20858597	PAN027.chr2.maternal:19763025-20885750	PAN028.chr2.haplotype1:19762174-20884903
PAN010.chr2.haplotype2:20833449-22034015	PAN027.chr2.maternal:20860602-22061164	PAN028.chr2.haplotype1:20859755-22060319
PAN010.chr2.haplotype2:22164056-24455631	PAN027.chr2.maternal:22191206-24482527	PAN028.chr2.haplotype1:22190361-24481688
PAN010.chr2.haplotype2:24467182-24506850	PAN027.chr2.maternal:24494078-24533746	PAN028.chr2.haplotype1:24493239-24532908
PAN010.chr2.haplotype2:24755977-25913215	PAN027.chr2.maternal:24782872-25940091	PAN028.chr2.haplotype1:24782035-25939276
PAN010.chr2.haplotype2:25769338-26729050	PAN027.chr2.maternal:25796218-26755916	PAN028.chr2.haplotype1:25795401-26755106
PAN010.chr2.haplotype2:26708686-28583065	PAN027.chr2.maternal:26735552-28609917	PAN028.chr2.haplotype1:26734742-28609122
PAN010.chr2.haplotype2:28550186-31083172	PAN027.chr2.maternal:28577039-31110017	PAN028.chr2.haplotype1:28576243-31109235
PAN010.chr2.haplotype2:31166885-32323822	PAN027.chr2.maternal:31193730-32350656	PAN028.chr2.haplotype1:31192948-32349890
PAN010.chr2.haplotype2:32501048-32955061	PAN027.chr2.maternal:32527882-32981900	PAN028.chr2.haplotype1:32527119-32981143
PAN010.chr2.haplotype2:32935502-35121709	PAN027.chr2.maternal:32962341-35148540	PAN028.chr2.haplotype1:32961583-35147798
PAN010.chr2.haplotype2:34979512-35600733	PAN027.chr2.maternal:35006343-35627561	PAN028.chr2.haplotype1:35005600-35626826
PAN010.chr2.haplotype2:35730486-36128267	PAN027.chr2.maternal:35757314-36155093	PAN028.chr2.haplotype1:35756579-36154360
PAN010.chr2.haplotype2:36099480-36120750	PAN027.chr2.maternal:36126306-36147576	PAN028.chr2.haplotype1:36125572-36146843
PAN010.chr2.haplotype2:36101200-37579807	PAN027.chr2.maternal:36128026-37606627	PAN028.chr2.haplotype1:36127292-37605905
PAN010.chr2.haplotype2:37581129-38584725	PAN027.chr2.maternal:37607949-38611531	PAN028.chr2.haplotype1:37607227-38610827
PAN010.chr2.haplotype2:38559703-41169782	PAN027.chr2.maternal:38586509-41196566	PAN028.chr2.haplotype1:38585804-41195888
PAN010.chr2.haplotype2:41146746-44407815	PAN027.chr2.maternal:41173530-44434576	PAN028.chr2.haplotype1:41172852-44433930
PAN010.chr2.haplotype2:44380029-47741364	PAN027.chr2.maternal:44406791-47768099	PAN028.chr2.haplotype1:44406145-47767487
PAN010.chr2.haplotype2:47866693-50890527	PAN027.chr2.maternal:47893421-50917249	PAN028.chr2.haplotype1:47892817-50916656
PAN010.chr2.haplotype2:50866310-62746427	PAN027.chr2.maternal:50893032-62773106	PAN028.chr2.haplotype1:50892439-62772569
PAN010.chr2.haplotype2:62865296-63135876	PAN027.chr2.maternal:62891975-63162552	PAN028.chr2.haplotype1:62891438-63162024
PAN010.chr2.haplotype2:63135126-64196053	PAN027.chr2.maternal:63161802-64222710	PAN028.chr2.haplotype1:63161274-64222192
PAN010.chr2.haplotype2:64173737-66069890	PAN027.chr2.maternal:64200408-66096549	PAN028.chr2.haplotype1:64199890-66096053
PAN010.chr2.haplotype2:66067428-67345106	PAN027.chr2.maternal:66094087-67371765	PAN028.chr2.haplotype1:66093591-67371279
PAN010.chr2.haplotype2:67343913-67738140	PAN027.chr2.maternal:67370572-67764798	PAN028.chr2.haplotype1:67370086-67764313
PAN010.chr2.haplotype2:67716232-67974253	PAN027.chr2.maternal:67742890-68000908	PAN028.chr2.haplotype1:67742405-68000427
PAN010.chr2.haplotype2:68010435-69132566	PAN027.chr2.maternal:68037089-69159222	PAN028.chr2.haplotype1:68036608-69158747
PAN010.chr2.haplotype2:8508757-9018030	PAN027.chr2.maternal:8535926-9045229	PAN028.chr2.haplotype1:8535009-9044316
PAN010.chr2.haplotype2:8997718-10435510	PAN027.chr2.maternal:9024917-10462696	PAN028.chr2.haplotype1:9024004-10461800
PAN010.chr20.haplotype1:10672793-11068053	PAN027.chr20.maternal:10725315-11120574	PAN028.chr20.haplotype2:10668266-11063532
PAN010.chr20.haplotype1:21424786-21730525	PAN027.chr20.maternal:21477260-21782998	PAN028.chr20.haplotype1:21461093-21766838
PAN010.chr20.haplotype1:21712862-23437185	PAN027.chr20.maternal:21765335-23489651	PAN028.chr20.haplotype1:21749175-23473493
PAN010.chr20.haplotype1:23458083-23907793	PAN027.chr20.maternal:23510549-23960261	PAN028.chr20.haplotype1:23494392-23944104
PAN010.chr20.haplotype1:23945717-24119452	PAN027.chr20.maternal:23998185-24171919	PAN028.chr20.haplotype1:23982028-24155763
PAN010.chr20.haplotype1:24364001-24615315	PAN027.chr20.maternal:24416467-24667780	PAN028.chr20.haplotype1:24400312-24651625
PAN010.chr20.haplotype1:24956445-25158723	PAN027.chr20.maternal:25008910-25211188	PAN028.chr20.haplotype1:24992756-25195037
PAN010.chr20.haplotype1:25460495-25525465	PAN027.chr20.maternal:25512959-25577927	PAN028.chr20.haplotype1:25496809-25561778
PAN010.chr20.haplotype1:25880733-31683012	PAN027.chr20.maternal:25933196-31738200	PAN028.chr20.haplotype1:25917049-31722095
PAN010.chr20.haplotype1:31714079-33461033	PAN027.chr20.maternal:31769278-33516214	PAN028.chr20.haplotype1:31753162-33500123
PAN010.chr20.haplotype1:33488974-36021369	PAN027.chr20.maternal:33544154-36076539	PAN028.chr20.haplotype1:33528063-36060472
PAN010.chr20.haplotype1:36106388-36339134	PAN027.chr20.maternal:36161558-36394303	PAN028.chr20.haplotype1:36145493-36378237
PAN010.chr20.haplotype1:36313878-37284424	PAN027.chr20.maternal:36369049-37339584	PAN028.chr20.haplotype1:36352983-37323530
PAN010.chr20.haplotype1:37591484-38044189	PAN027.chr20.maternal:37646634-38099334	PAN028.chr20.haplotype1:37630584-38083292
PAN010.chr20.haplotype1:38020790-43450867	PAN027.chr20.maternal:38075935-43505979	PAN028.chr20.haplotype1:38059891-43489997
PAN010.chr20.haplotype1:43433913-45249824	PAN027.chr20.maternal:43489025-45304917	PAN028.chr20.haplotype1:43473043-45288945
PAN010.chr20.haplotype2:173189-244704	PAN027.chr20.maternal:172307-243822	PAN028.chr20.haplotype1:172097-243612
PAN010.chr20.haplotype2:2183445-3380367	PAN027.chr20.maternal:2182552-3379466	PAN028.chr20.haplotype1:2182357-3379286
PAN010.chr20.haplotype2:252515-325758	PAN027.chr20.maternal:251633-324878	PAN028.chr20.haplotype1:251423-324668
PAN010.chr20.haplotype2:304736-2207733	PAN027.chr20.maternal:303856-2206840	PAN028.chr20.haplotype1:303646-2206645
PAN010.chr20.haplotype2:3468563-6472703	PAN027.chr20.maternal:3467662-6471778	PAN028.chr20.haplotype1:3467481-6471633
PAN010.chr20.haplotype2:46546890-47623774	PAN027.chr20.maternal:45282526-46359392	PAN028.chr20.haplotype1:45266553-46343432
PAN010.chr20.haplotype2:47623546-47728456	PAN027.chr20.maternal:46359164-46464073	PAN028.chr20.haplotype1:46343204-46448114
PAN010.chr20.haplotype2:47707248-47999760	PAN027.chr20.maternal:46442866-46735376	PAN028.chr20.haplotype1:46426907-46719417
PAN010.chr20.haplotype2:47707829-47731653	PAN027.chr20.maternal:46443447-46467270	PAN028.chr20.haplotype1:46427488-46451311
PAN010.chr20.haplotype2:47981547-49235293	PAN027.chr20.maternal:46717163-47970901	PAN028.chr20.haplotype1:46701204-47954949
PAN010.chr20.haplotype2:49214359-49722276	PAN027.chr20.maternal:47949968-48457881	PAN028.chr20.haplotype1:47934016-48441931
PAN010.chr20.haplotype2:49726119-51817198	PAN027.chr20.maternal:48461724-50552781	PAN028.chr20.haplotype1:48445774-50536850
PAN010.chr20.haplotype2:51796751-53727628	PAN027.chr20.maternal:50532334-52463194	PAN028.chr20.haplotype1:50516403-52447301
PAN010.chr20.haplotype2:53585179-53738446	PAN027.chr20.maternal:52320747-52474011	PAN028.chr20.haplotype1:52304852-52458118
PAN010.chr20.haplotype2:53719442-54208906	PAN027.chr20.maternal:52455008-52944469	PAN028.chr20.haplotype1:52439115-52928583
PAN010.chr20.haplotype2:54198683-54574748	PAN027.chr20.maternal:52934246-53310307	PAN028.chr20.haplotype1:52918360-53294424
PAN010.chr20.haplotype2:54555887-61730858	PAN027.chr20.maternal:53291446-60466367	PAN028.chr20.haplotype1:53275563-60450565
PAN010.chr20.haplotype2:61723378-62690413	PAN027.chr20.maternal:60458887-61425918	PAN028.chr20.haplotype1:60443085-61410118
PAN010.chr20.haplotype2:62666490-64253961	PAN027.chr20.maternal:61401996-62989467	PAN028.chr20.haplotype1:61386196-62973667
PAN010.chr20.haplotype2:64230992-66944853	PAN027.chr20.maternal:62966498-65680378	PAN028.chr20.haplotype1:62950697-65664598
PAN010.chr20.haplotype2:6451371-7831989	PAN027.chr20.maternal:6450446-7831057	PAN028.chr20.haplotype1:6450301-7830920
PAN010.chr20.haplotype2:7805135-8349856	PAN027.chr20.maternal:7804203-8348920	PAN028.chr20.haplotype1:7804066-8348788
PAN010.chr21.haplotype1:11828564-12134816	PAN027.chr21.maternal:11827586-12133838	PAN028.chr21.haplotype2:12959984-13266236
PAN010.chr21.haplotype1:12112130-12520801	PAN027.chr21.maternal:12111152-12519821	PAN028.chr21.haplotype2:13243550-13652221
PAN010.chr21.haplotype1:12579618-14533675	PAN027.chr21.maternal:12578636-14532700	PAN028.chr21.haplotype2:13711038-15665118
PAN010.chr21.haplotype1:14624790-18794286	PAN027.chr21.maternal:14623814-18793298	PAN028.chr21.haplotype2:15756232-19925730
PAN010.chr21.haplotype1:18769724-19233737	PAN027.chr21.maternal:18768736-19232755	PAN028.chr21.haplotype2:19901168-20365192
PAN010.chr21.haplotype2:20007229-23587739	PAN027.chr21.maternal:19206805-22787307	PAN028.chr21.haplotype2:20339242-23919763
PAN010.chr21.haplotype2:23592543-25625706	PAN027.chr21.maternal:22792111-24825270	PAN028.chr21.haplotype2:23924567-25957738
PAN010.chr21.haplotype2:25599833-26401248	PAN027.chr21.maternal:24799398-25600812	PAN028.chr21.haplotype2:25931865-26733282
PAN010.chr21.haplotype2:26426708-27012166	PAN027.chr21.maternal:25626272-26211726	PAN028.chr21.haplotype2:26758742-27344204
PAN010.chr21.haplotype2:27012297-29196512	PAN027.chr21.maternal:26211857-28396064	PAN028.chr21.haplotype2:27344335-29528552
PAN010.chr21.haplotype2:29216710-31862760	PAN027.chr21.maternal:28416262-31062295	PAN028.chr21.haplotype2:29548751-32194803
PAN010.chr21.haplotype2:31943716-32126943	PAN027.chr21.maternal:31143251-31326478	PAN028.chr21.haplotype2:32275759-32458986
PAN010.chr21.haplotype2:32107417-33440532	PAN027.chr21.maternal:31306952-32640063	PAN028.chr21.haplotype2:32439460-33772578
PAN010.chr21.haplotype2:33680321-34824345	PAN027.chr21.maternal:32879852-34023867	PAN028.chr21.haplotype2:34012375-35156396
PAN010.chr21.haplotype2:34812973-35104603	PAN027.chr21.maternal:34012495-34304126	PAN028.chr21.haplotype1:36048488-36340060
PAN010.chr22.haplotype2:21771916-22207533	PAN027.chr22.maternal:21782762-22218375	PAN028.chr22.haplotype2:22199442-22635058
PAN010.chr22.haplotype2:22189771-23223334	PAN027.chr22.maternal:22200612-23234157	PAN028.chr22.haplotype2:22617295-23650853
PAN010.chr22.haplotype2:23255071-25729463	PAN027.chr22.maternal:23265894-25740269	PAN028.chr22.haplotype2:23682590-26156984
PAN010.chr22.haplotype2:25837285-26365689	PAN027.chr22.maternal:25848090-26376491	PAN028.chr22.haplotype2:26264805-26793211
PAN010.chr22.haplotype2:26372699-27879161	PAN027.chr22.maternal:26383500-27889949	PAN028.chr22.haplotype2:26800220-28306687
PAN010.chr22.haplotype2:27961220-29740314	PAN027.chr22.maternal:27972008-29751069	PAN028.chr22.haplotype2:28388747-30167840
PAN010.chr22.haplotype2:29715399-32550588	PAN027.chr22.maternal:29726155-32561339	PAN028.chr22.haplotype2:30142925-32978133
PAN010.chr22.haplotype2:32600018-32841069	PAN027.chr22.maternal:32610770-32851820	PAN028.chr22.haplotype2:33027563-33268614
PAN010.chr22.haplotype2:32832945-33046681	PAN027.chr22.maternal:32843696-33057431	PAN028.chr22.haplotype2:33260490-33474228
PAN010.chr22.haplotype2:33031806-33337237	PAN027.chr22.maternal:33042558-33347985	PAN028.chr22.haplotype2:33459353-33764785
PAN010.chr22.haplotype2:33437454-33785499	PAN027.chr22.maternal:33448202-33796242	PAN028.chr22.haplotype2:33865002-34213042
PAN010.chr22.haplotype2:33705642-35047615	PAN027.chr22.maternal:33716386-35058344	PAN028.chr22.haplotype2:34133185-35475171
PAN010.chr22.haplotype2:35676923-35713802	PAN027.chr22.maternal:35687642-35724521	PAN028.chr22.haplotype2:36104483-36141362
PAN010.chr22.haplotype2:35690346-37160708	PAN027.chr22.maternal:35701066-37171410	PAN028.chr22.haplotype2:36117906-37588273
PAN010.chr22.haplotype2:37141240-37632775	PAN027.chr22.maternal:37151942-37643474	PAN028.chr22.haplotype2:37568805-38060339
PAN010.chr22.haplotype2:37614187-42748371	PAN027.chr22.maternal:37624886-42759009	PAN028.chr22.haplotype2:38041751-43175958
PAN010.chr22.haplotype2:42737462-43662557	PAN027.chr22.maternal:42748100-43673192	PAN028.chr22.haplotype2:43165049-44090149
PAN010.chr22.haplotype2:43668828-47569532	PAN027.chr22.maternal:43679463-47580153	PAN028.chr22.haplotype2:44096420-47997133
PAN010.chr22.haplotype2:47552074-47767288	PAN027.chr22.maternal:47562695-47777909	PAN028.chr22.haplotype2:47979673-48194896
PAN010.chr3.haplotype1:159678608-161428525	PAN027.chr3.maternal:157418688-159168598	PAN028.chr3.haplotype2:157067233-158817154
PAN010.chr3.haplotype1:161423551-162284258	PAN027.chr3.maternal:159163624-160024329	PAN028.chr3.haplotype2:158812180-159672888
PAN010.chr3.haplotype1:162259716-162962083	PAN027.chr3.maternal:159999787-160702151	PAN028.chr3.haplotype2:159648346-160350711
PAN010.chr3.haplotype1:162934233-163073015	PAN027.chr3.maternal:160674302-160813083	PAN028.chr3.haplotype2:160322862-160461643
PAN010.chr3.haplotype1:163109902-163789598	PAN027.chr3.maternal:160849969-161529657	PAN028.chr3.haplotype2:160498530-161178229
PAN010.chr3.haplotype1:163822226-163914460	PAN027.chr3.maternal:161562285-161654519	PAN028.chr3.haplotype2:161210857-161303092
PAN010.chr3.haplotype1:163896168-165080894	PAN027.chr3.maternal:161636227-162820953	PAN028.chr3.haplotype2:161284800-162469533
PAN010.chr3.haplotype1:165175468-169627188	PAN027.chr3.maternal:162915528-167367233	PAN028.chr3.haplotype2:162564108-167015828
PAN010.chr3.haplotype1:169603914-170008295	PAN027.chr3.maternal:167343959-167748339	PAN028.chr3.haplotype2:166992554-167396936
PAN010.chr3.haplotype1:169961275-171149978	PAN027.chr3.maternal:167701318-168890024	PAN028.chr3.haplotype2:167349915-168538630
PAN010.chr3.haplotype1:171129370-172730722	PAN027.chr3.maternal:168869416-170470763	PAN028.chr3.haplotype2:168518022-170119379
PAN010.chr3.haplotype1:172734128-173688024	PAN027.chr3.maternal:170474169-171428060	PAN028.chr3.haplotype2:170122785-171076680
PAN010.chr3.haplotype1:173732044-173910543	PAN027.chr3.maternal:171472082-171650578	PAN028.chr3.haplotype2:171120700-171299196
PAN010.chr3.haplotype1:173889336-175472459	PAN027.chr3.maternal:171629372-173212492	PAN028.chr3.haplotype2:171277990-172861119
PAN010.chr3.haplotype1:175858668-177581237	PAN027.chr3.maternal:173598699-175321266	PAN028.chr3.haplotype2:173247328-174969910
PAN010.chr3.haplotype1:177559681-177947875	PAN027.chr3.maternal:175299710-175687902	PAN028.chr3.haplotype2:174948352-175336546
PAN010.chr3.haplotype1:177924425-178905532	PAN027.chr3.maternal:175664452-176645560	PAN028.chr3.haplotype2:175313096-176294209
PAN010.chr3.haplotype1:178953941-179236572	PAN027.chr3.maternal:176693969-176976598	PAN028.chr3.haplotype2:176342618-176625250
PAN010.chr3.haplotype1:179231238-179651840	PAN027.chr3.maternal:176971264-177391863	PAN028.chr3.haplotype2:176619916-177040518
PAN010.chr3.haplotype1:179631070-181343820	PAN027.chr3.maternal:177371093-179083840	PAN028.chr3.haplotype2:177019748-178732498
PAN010.chr3.haplotype1:181330919-182689422	PAN027.chr3.maternal:179070939-180429427	PAN028.chr3.haplotype2:178719597-180078093
PAN010.chr3.haplotype1:182664263-183087720	PAN027.chr3.maternal:180404268-180827724	PAN028.chr3.haplotype2:180052934-180476392
PAN010.chr3.haplotype1:183068133-183324485	PAN027.chr3.maternal:180808137-181064489	PAN028.chr3.haplotype2:180456805-180713157
PAN010.chr3.haplotype1:183301799-185586420	PAN027.chr3.maternal:181041803-183326413	PAN028.chr3.haplotype2:180690471-182975097
PAN010.chr3.haplotype1:185605800-188580175	PAN027.chr3.maternal:183345791-186320153	PAN028.chr3.haplotype2:182994475-185968863
PAN010.chr3.haplotype1:188580854-188869727	PAN027.chr3.maternal:186320832-186609703	PAN028.chr3.haplotype2:185969542-186258418
PAN010.chr3.haplotype1:188849701-189084770	PAN027.chr3.maternal:186589677-186824745	PAN028.chr3.haplotype2:186238392-186473462
PAN010.chr3.haplotype1:189064043-190877187	PAN027.chr3.maternal:186804018-188617158	PAN028.chr3.haplotype2:186452734-188265892
PAN010.chr3.haplotype1:190854999-190924864	PAN027.chr3.maternal:188594971-188664835	PAN028.chr3.haplotype2:188243704-188313569
PAN010.chr3.haplotype1:190903087-191179085	PAN027.chr3.maternal:188643058-188919056	PAN028.chr3.haplotype2:188291792-188567791
PAN010.chr3.haplotype1:191171762-191210287	PAN027.chr3.maternal:188911733-188950258	PAN028.chr3.haplotype2:188560467-188598993
PAN010.chr3.haplotype1:191186541-191354740	PAN027.chr3.maternal:188926512-189094712	PAN028.chr3.haplotype2:188575247-188743445
PAN010.chr3.haplotype1:191332317-191830463	PAN027.chr3.maternal:189072290-189570433	PAN028.chr3.haplotype2:188721022-189219168
PAN010.chr3.haplotype1:191839491-193134900	PAN027.chr3.maternal:189579461-190874868	PAN028.chr3.haplotype2:189228196-190523613
PAN010.chr3.haplotype1:193114739-194891776	PAN027.chr3.maternal:190854707-192631739	PAN028.chr3.haplotype2:190503452-192280497
PAN010.chr3.haplotype1:194874042-197981311	PAN027.chr3.maternal:192614005-195721257	PAN028.chr3.haplotype2:192262764-195370021
PAN010.chr3.haplotype1:197964451-198475920	PAN027.chr3.maternal:195704397-196215867	PAN028.chr3.haplotype2:195353161-195864630
PAN010.chr3.haplotype1:21179067-26459169	PAN027.chr3.maternal:21179892-26459969	PAN028.chr3.haplotype2:21179091-26459316
PAN010.chr3.haplotype1:26437884-27780005	PAN027.chr3.maternal:26438684-27780802	PAN028.chr3.haplotype2:26438031-27780167
PAN010.chr3.haplotype1:27760513-29918530	PAN027.chr3.maternal:27761310-29919322	PAN028.chr3.haplotype2:27760675-29918697
PAN010.chr3.haplotype1:29894663-30085027	PAN027.chr3.maternal:29895455-30085820	PAN028.chr3.haplotype2:29894830-30085196
PAN010.chr3.haplotype1:30064279-30355779	PAN027.chr3.maternal:30065071-30356570	PAN028.chr3.haplotype2:30064446-30355947
PAN010.chr3.haplotype1:30333634-30504802	PAN027.chr3.maternal:30334427-30505593	PAN028.chr3.haplotype2:30333804-30504970
PAN010.chr3.haplotype1:30490572-30745329	PAN027.chr3.maternal:30491363-30746120	PAN028.chr3.haplotype2:30490740-30745498
PAN010.chr3.haplotype1:30725326-30851294	PAN027.chr3.maternal:30726117-30852085	PAN028.chr3.haplotype2:30725495-30851463
PAN010.chr3.haplotype1:30828510-30912163	PAN027.chr3.maternal:30829301-30912954	PAN028.chr3.haplotype2:30828679-30912332
PAN010.chr3.haplotype1:30973859-31215232	PAN027.chr3.maternal:30974649-31216021	PAN028.chr3.haplotype1:30988167-31229530
PAN010.chr3.haplotype1:31193225-31506974	PAN027.chr3.maternal:31194014-31507758	PAN028.chr3.haplotype1:31207523-31521296
PAN010.chr3.haplotype1:65155090-65229807	PAN027.chr3.maternal:65155684-65230399	PAN028.chr3.haplotype1:65156792-65231537
PAN010.chr3.haplotype2:125942786-126977162	PAN027.chr3.maternal:125934428-126968795	PAN028.chr3.haplotype2:125582771-126617146
PAN010.chr3.haplotype2:126953093-127051711	PAN027.chr3.maternal:126944726-127043344	PAN028.chr3.haplotype2:126593077-126691695
PAN010.chr3.haplotype2:127030314-128885013	PAN027.chr3.maternal:127021947-128876629	PAN028.chr3.haplotype2:126670298-128524993
PAN010.chr3.haplotype2:128974869-132654890	PAN027.chr3.maternal:128966485-132646498	PAN028.chr3.haplotype2:128614849-132294893
PAN010.chr3.haplotype2:132648737-132949013	PAN027.chr3.maternal:132640345-132940618	PAN028.chr3.haplotype2:132288740-132589013
PAN010.chr3.haplotype2:132931077-133577785	PAN027.chr3.maternal:132922684-133569387	PAN028.chr3.haplotype2:132571078-133217786
PAN010.chr3.haplotype2:133558680-136090599	PAN027.chr3.maternal:133550282-136082192	PAN028.chr3.haplotype2:133198681-135730601
PAN010.chr3.haplotype2:136131560-137200875	PAN027.chr3.maternal:136123152-137192462	PAN028.chr3.haplotype2:135771561-136840882
PAN010.chr3.haplotype2:137247086-139124231	PAN027.chr3.maternal:137238673-139115807	PAN028.chr3.haplotype2:136887094-138764241
PAN010.chr3.haplotype2:139355433-139525529	PAN027.chr3.maternal:139347006-139517103	PAN028.chr3.haplotype2:138995442-139165540
PAN010.chr3.haplotype2:139681937-141999624	PAN027.chr3.maternal:139673511-141991196	PAN028.chr3.haplotype2:139321950-141639660
PAN010.chr3.haplotype2:141984400-142745624	PAN027.chr3.maternal:141975972-142737191	PAN028.chr3.haplotype2:141624436-142385655
PAN010.chr3.haplotype2:142739095-143242408	PAN027.chr3.maternal:142730662-143233972	PAN028.chr3.haplotype2:142379126-142882438
PAN010.chr3.haplotype2:143405315-143562347	PAN027.chr3.maternal:143396879-143553911	PAN028.chr3.haplotype2:143045345-143202377
PAN010.chr3.haplotype2:143690509-143820567	PAN027.chr3.maternal:143682072-143812130	PAN028.chr3.haplotype2:143330536-143460594
PAN010.chr3.haplotype2:144423957-144718342	PAN027.chr3.maternal:144415517-144709899	PAN028.chr3.haplotype2:144063991-144358375
PAN010.chr3.haplotype2:144689875-148161295	PAN027.chr3.maternal:144681432-148152840	PAN028.chr3.haplotype2:144329908-147801331
PAN010.chr3.haplotype2:148064654-148173767	PAN027.chr3.maternal:148056199-148165312	PAN028.chr3.haplotype2:147704690-147813803
PAN010.chr3.haplotype2:88584005-88673923	PAN027.chr3.maternal:88586887-88676805	PAN028.chr3.haplotype1:88565499-88655404
PAN010.chr4.haplotype1:178783011-182907136	PAN027.chr4.maternal:179628012-183752125	PAN028.chr4.haplotype2:178283196-182407329
PAN010.chr4.haplotype1:182887890-183677335	PAN027.chr4.maternal:183732881-184522324	PAN028.chr4.haplotype2:182388085-183177532
PAN010.chr4.haplotype1:183657302-184092451	PAN027.chr4.maternal:184502291-184937439	PAN028.chr4.haplotype2:183157499-183592650
PAN010.chr4.haplotype1:184080176-184146582	PAN027.chr4.maternal:184925164-184991570	PAN028.chr4.haplotype2:183580375-183646781
PAN010.chr4.haplotype1:184124602-184273279	PAN027.chr4.maternal:184969590-185118267	PAN028.chr4.haplotype2:183624801-183773480
PAN010.chr4.haplotype1:184490522-184532503	PAN027.chr4.maternal:185335510-185377491	PAN028.chr4.haplotype2:183990724-184032705
PAN010.chr4.haplotype1:184516013-185375015	PAN027.chr4.maternal:185361001-186219997	PAN028.chr4.haplotype2:184016215-184875217
PAN010.chr4.haplotype1:185371579-185873606	PAN027.chr4.maternal:186216561-186718588	PAN028.chr4.haplotype2:184871781-185373814
PAN010.chr4.haplotype1:29871509-30177537	PAN027.chr4.maternal:30016503-30322532	PAN028.chr4.haplotype2:30018158-30324190
PAN010.chr4.haplotype1:30153855-30857109	PAN027.chr4.maternal:30298850-31002105	PAN028.chr4.haplotype2:30300508-31003766
PAN010.chr4.haplotype1:30834665-31941907	PAN027.chr4.maternal:30979661-32086901	PAN028.chr4.haplotype2:30981322-32088572
PAN010.chr4.haplotype1:31929622-33497523	PAN027.chr4.maternal:32074616-33642526	PAN028.chr4.haplotype2:32076287-33644213
PAN010.chr4.haplotype1:34424150-36250713	PAN027.chr4.maternal:34569148-36395705	PAN028.chr4.haplotype2:34570836-36397393
PAN010.chr4.haplotype1:36230128-36418824	PAN027.chr4.maternal:36375120-36563816	PAN028.chr4.haplotype2:36376808-36565504
PAN010.chr4.haplotype1:36401184-37967461	PAN027.chr4.maternal:36546176-38112449	PAN028.chr4.haplotype2:36547864-38114138
PAN010.chr4.haplotype1:37960542-38162869	PAN027.chr4.maternal:38105530-38307857	PAN028.chr4.haplotype2:38107219-38309547
PAN010.chr4.haplotype1:38140522-38236085	PAN027.chr4.maternal:38285510-38381073	PAN028.chr4.haplotype2:38287200-38382763
PAN010.chr4.haplotype1:38202497-39209353	PAN027.chr4.maternal:38347485-39354340	PAN028.chr4.haplotype2:38349175-39356042
PAN010.chr4.haplotype1:56205109-57468748	PAN027.chr4.maternal:56971901-58235536	PAN028.chr4.haplotype2:55503248-56766890
PAN010.chr4.haplotype1:57444522-58627325	PAN027.chr4.maternal:58211311-59394106	PAN028.chr4.haplotype2:56742663-57925470
PAN010.chr4.haplotype2:101397430-101564286	PAN027.chr4.maternal:101817317-101984173	PAN028.chr4.haplotype2:100348892-100515749
PAN010.chr4.haplotype2:101541303-101786920	PAN027.chr4.maternal:101961190-102206807	PAN028.chr4.haplotype2:100492766-100738384
PAN010.chr4.haplotype2:101764115-102487861	PAN027.chr4.maternal:102184002-102907749	PAN028.chr4.haplotype2:100715579-101439328
PAN010.chr4.haplotype2:102460622-108551875	PAN027.chr4.maternal:102880510-108971745	PAN028.chr4.haplotype2:101412089-107503360
PAN010.chr4.haplotype2:10391359-10515720	PAN027.chr4.maternal:10392402-10516762	PAN028.chr4.haplotype2:10393930-10518291
PAN010.chr4.haplotype2:10491322-11089627	PAN027.chr4.maternal:10492364-11090672	PAN028.chr4.haplotype2:10493893-11092198
PAN010.chr4.haplotype2:108491964-108594352	PAN027.chr4.maternal:108911834-109014222	PAN028.chr4.haplotype2:107443449-107545837
PAN010.chr4.haplotype2:108576038-109558713	PAN027.chr4.maternal:108995908-109978597	PAN028.chr4.haplotype2:107527523-108510211
PAN010.chr4.haplotype2:109547907-110165604	PAN027.chr4.maternal:109967791-110585490	PAN028.chr4.haplotype2:108499404-109117108
PAN010.chr4.haplotype2:110143075-112440265	PAN027.chr4.maternal:110562961-112860150	PAN028.chr4.haplotype2:109094579-111391784
PAN010.chr4.haplotype2:112415422-113208441	PAN027.chr4.maternal:112835307-113628323	PAN028.chr4.haplotype2:111366941-112159959
PAN010.chr4.haplotype2:11265796-11972330	PAN027.chr4.maternal:11266840-11973369	PAN028.chr4.haplotype2:11268366-11974897
PAN010.chr4.haplotype2:113409351-116047782	PAN027.chr4.maternal:113829234-116467663	PAN028.chr4.haplotype2:112360869-114999304
PAN010.chr4.haplotype2:116027416-119481809	PAN027.chr4.maternal:116447296-119901674	PAN028.chr4.haplotype2:114978938-118433332
PAN010.chr4.haplotype2:119463054-121691105	PAN027.chr4.maternal:119882919-122110963	PAN028.chr4.haplotype2:118414577-120642632
PAN010.chr4.haplotype2:11972759-13092750	PAN027.chr4.maternal:11973798-13093791	PAN028.chr4.haplotype2:11975326-13095328
PAN010.chr4.haplotype2:121990874-122688782	PAN027.chr4.maternal:122410732-123108638	PAN028.chr4.haplotype2:120942401-121640310
PAN010.chr4.haplotype2:123115830-123478440	PAN027.chr4.maternal:123535667-123898277	PAN028.chr4.haplotype2:122067341-122429951
PAN010.chr4.haplotype2:123479337-123705798	PAN027.chr4.maternal:123899174-124125633	PAN028.chr4.haplotype2:122430848-122657309
PAN010.chr4.haplotype2:123682299-124946119	PAN027.chr4.maternal:124102134-125365952	PAN028.chr4.haplotype2:122633810-123897632
PAN010.chr4.haplotype2:124921285-125177524	PAN027.chr4.maternal:125341117-125597356	PAN028.chr4.haplotype2:123872797-124129040
PAN010.chr4.haplotype2:125152279-126269018	PAN027.chr4.maternal:125572111-126688844	PAN028.chr4.haplotype2:124103795-125220538
PAN010.chr4.haplotype2:126246634-130463464	PAN027.chr4.maternal:126666460-130883272	PAN028.chr4.haplotype2:125198154-129415001
PAN010.chr4.haplotype2:130454703-131605925	PAN027.chr4.maternal:130874511-132025734	PAN028.chr4.haplotype2:129406240-130557466
PAN010.chr4.haplotype2:131605660-133760899	PAN027.chr4.maternal:132025469-134180691	PAN028.chr4.haplotype2:130557201-132712439
PAN010.chr4.haplotype2:13291299-13776891	PAN027.chr4.maternal:13292340-13777921	PAN028.chr4.haplotype2:13293879-13779460
PAN010.chr4.haplotype2:134132484-138709860	PAN027.chr4.maternal:134552279-139129646	PAN028.chr4.haplotype2:133084026-137661410
PAN010.chr4.haplotype2:13748490-13869757	PAN027.chr4.maternal:13749520-13870787	PAN028.chr4.haplotype2:13751059-13872326
PAN010.chr4.haplotype2:13847231-15032134	PAN027.chr4.maternal:13848261-15033162	PAN028.chr4.haplotype2:13849800-15034703
PAN010.chr4.haplotype2:138705325-139402803	PAN027.chr4.maternal:139125111-139822589	PAN028.chr4.haplotype2:137656875-138354354
PAN010.chr4.haplotype2:139380749-139742906	PAN027.chr4.maternal:139800535-140162691	PAN028.chr4.haplotype2:138332300-138694457
PAN010.chr4.haplotype2:139722226-139819940	PAN027.chr4.maternal:140142011-140239725	PAN028.chr4.haplotype2:138673777-138771492
PAN010.chr4.haplotype2:139728962-139754076	PAN027.chr4.maternal:140148747-140173861	PAN028.chr4.haplotype2:138680513-138705628
PAN010.chr4.haplotype2:139796897-140471377	PAN027.chr4.maternal:140216682-140891159	PAN028.chr4.haplotype2:138748449-139422926
PAN010.chr4.haplotype2:140373506-141091643	PAN027.chr4.maternal:140793288-141511421	PAN028.chr4.haplotype2:139325055-140043189
PAN010.chr4.haplotype2:141223724-141935713	PAN027.chr4.maternal:141643532-142355519	PAN028.chr4.haplotype2:140175298-140887292
PAN010.chr4.haplotype2:141972189-142258879	PAN027.chr4.maternal:142391995-142678685	PAN028.chr4.haplotype2:140923768-141210462
PAN010.chr4.haplotype2:142113732-142711602	PAN027.chr4.maternal:142533538-143131406	PAN028.chr4.haplotype2:141065312-141663177
PAN010.chr4.haplotype2:142728879-143751539	PAN027.chr4.maternal:143148683-144171340	PAN028.chr4.haplotype2:141680454-142703123
PAN010.chr4.haplotype2:143968287-145389289	PAN027.chr4.maternal:144388088-145809087	PAN028.chr4.haplotype2:142919872-144340878
PAN010.chr4.haplotype2:145275380-145417094	PAN027.chr4.maternal:145695178-145836892	PAN028.chr4.haplotype2:144226969-144368681
PAN010.chr4.haplotype2:145393739-147920287	PAN027.chr4.maternal:145813537-148340067	PAN028.chr4.haplotype2:144345326-146871864
PAN010.chr4.haplotype2:149610019-153944651	PAN027.chr4.maternal:150029802-154364400	PAN028.chr4.haplotype2:148561598-152896226
PAN010.chr4.haplotype2:15270066-15486941	PAN027.chr4.maternal:15271103-15487977	PAN028.chr4.haplotype2:15272646-15489521
PAN010.chr4.haplotype2:154007056-154866691	PAN027.chr4.maternal:154426803-155286435	PAN028.chr4.haplotype2:152958631-153818273
PAN010.chr4.haplotype2:15465252-15805937	PAN027.chr4.maternal:15466288-15806973	PAN028.chr4.haplotype2:15467832-15808516
PAN010.chr4.haplotype2:154838170-155657638	PAN027.chr4.maternal:155257914-156077379	PAN028.chr4.haplotype2:153789751-154609223
PAN010.chr4.haplotype2:155636342-156133917	PAN027.chr4.maternal:156056083-156553659	PAN028.chr4.haplotype2:154587927-155085505
PAN010.chr4.haplotype2:156114729-157023795	PAN027.chr4.maternal:156534471-157443537	PAN028.chr4.haplotype2:155066317-155975386
PAN010.chr4.haplotype2:15784290-16671040	PAN027.chr4.maternal:15785326-16672074	PAN028.chr4.haplotype2:15786869-16673618
PAN010.chr4.haplotype2:16647389-17839406	PAN027.chr4.maternal:16648423-17840437	PAN028.chr4.haplotype2:16649967-17841992
PAN010.chr4.haplotype2:17812212-18244576	PAN027.chr4.maternal:17813244-18245602	PAN028.chr4.haplotype2:17814798-18247164
PAN010.chr4.haplotype2:18214601-18670607	PAN027.chr4.maternal:18215627-18671633	PAN028.chr4.haplotype2:18217189-18673195
PAN010.chr4.haplotype2:18857374-20617341	PAN027.chr4.maternal:18858390-20618354	PAN028.chr4.haplotype2:18859952-20619916
PAN010.chr4.haplotype2:20595955-21037450	PAN027.chr4.maternal:20596968-21038463	PAN028.chr4.haplotype2:20598530-21040028
PAN010.chr4.haplotype2:21017920-24151146	PAN027.chr4.maternal:21018933-24152137	PAN028.chr4.haplotype2:21020498-24153719
PAN010.chr4.haplotype2:25009721-25973896	PAN027.chr4.maternal:25010712-25974882	PAN028.chr4.haplotype2:25012301-25976480
PAN010.chr4.haplotype2:25949741-26459867	PAN027.chr4.maternal:25950727-26460866	PAN028.chr4.haplotype2:25952325-26462466
PAN010.chr4.haplotype2:26475456-26637378	PAN027.chr4.maternal:26476469-26638390	PAN028.chr4.haplotype2:26478069-26640033
PAN010.chr4.haplotype2:26625396-27039477	PAN027.chr4.maternal:26626408-27040488	PAN028.chr4.haplotype2:26628051-27042132
PAN010.chr4.haplotype2:27016425-27643376	PAN027.chr4.maternal:27017436-27644382	PAN028.chr4.haplotype2:27019080-27646028
PAN010.chr4.haplotype2:27621156-28885427	PAN027.chr4.maternal:27622162-28886425	PAN028.chr4.haplotype2:27623808-28888076
PAN010.chr4.haplotype2:28985452-29054009	PAN027.chr4.maternal:28986449-29055006	PAN028.chr4.haplotype2:28988100-29056657
PAN010.chr4.haplotype2:29038453-29729812	PAN027.chr4.maternal:29039450-29730805	PAN028.chr4.haplotype2:29041101-29732456
PAN010.chr4.haplotype2:29710974-29846420	PAN027.chr4.maternal:29711967-29847413	PAN028.chr4.haplotype2:29713618-29849065
PAN010.chr4.haplotype2:29974240-30035544	PAN027.chr4.maternal:29975231-30036566	PAN028.chr4.haplotype2:29976885-30038221
PAN010.chr4.haplotype2:58955573-60734061	PAN027.chr4.maternal:59375587-61154078	PAN028.chr4.haplotype2:57906951-59685443
PAN010.chr4.haplotype2:60931272-61239407	PAN027.chr4.maternal:61351279-61659414	PAN028.chr4.haplotype2:59882656-60190793
PAN010.chr4.haplotype2:61303075-61938494	PAN027.chr4.maternal:61723083-62358498	PAN028.chr4.haplotype2:60254462-60889877
PAN010.chr4.haplotype2:62498989-63142374	PAN027.chr4.maternal:62918993-63562376	PAN028.chr4.haplotype2:61450377-62093762
PAN010.chr4.haplotype2:63158827-66541882	PAN027.chr4.maternal:63578829-66961872	PAN028.chr4.haplotype2:62110215-65493273
PAN010.chr4.haplotype2:66521826-77603229	PAN027.chr4.maternal:66941816-78023195	PAN028.chr4.haplotype2:65473217-76554637
PAN010.chr4.haplotype2:7537086-9285236	PAN027.chr4.maternal:7538143-9286286	PAN028.chr4.haplotype2:7539654-9287807
PAN010.chr4.haplotype2:77581065-81775616	PAN027.chr4.maternal:78001031-82195562	PAN028.chr4.haplotype2:76532472-80727029
PAN010.chr4.haplotype2:81769538-83415798	PAN027.chr4.maternal:82189484-83835740	PAN028.chr4.haplotype2:80720951-82367214
PAN010.chr4.haplotype2:83407033-84800452	PAN027.chr4.maternal:83826975-85220380	PAN028.chr4.haplotype2:82358449-83751876
PAN010.chr4.haplotype2:84783960-86919683	PAN027.chr4.maternal:85203889-87339608	PAN028.chr4.haplotype2:83735384-85871117
PAN010.chr4.haplotype2:86898262-88109533	PAN027.chr4.maternal:87318187-88529456	PAN028.chr4.haplotype2:85849696-87060972
PAN010.chr4.haplotype2:88232525-89265841	PAN027.chr4.maternal:88652447-89685763	PAN028.chr4.haplotype2:87183963-88217295
PAN010.chr4.haplotype2:89250676-89946631	PAN027.chr4.maternal:89670598-90366551	PAN028.chr4.haplotype2:88202130-88898081
PAN010.chr4.haplotype2:89960701-90350368	PAN027.chr4.maternal:90380621-90770285	PAN028.chr4.haplotype2:88912151-89301808
PAN010.chr4.haplotype2:90898052-91737480	PAN027.chr4.maternal:91317966-92157396	PAN028.chr4.haplotype2:89849496-90688927
PAN010.chr4.haplotype2:91716134-91845631	PAN027.chr4.maternal:92136050-92265547	PAN028.chr4.haplotype2:90667581-90797079
PAN010.chr4.haplotype2:91859678-94566822	PAN027.chr4.maternal:92279594-94986729	PAN028.chr4.haplotype2:90811126-93518269
PAN010.chr4.haplotype2:9361539-9445237	PAN027.chr4.maternal:9362589-9446287	PAN028.chr4.haplotype2:9364110-9447808
PAN010.chr4.haplotype2:9424888-9477612	PAN027.chr4.maternal:9425938-9478662	PAN028.chr4.haplotype2:9427459-9480183
PAN010.chr4.haplotype2:9465884-9625527	PAN027.chr4.maternal:9466934-9626577	PAN028.chr4.haplotype2:9468455-9628098
PAN010.chr4.haplotype2:94690390-94915644	PAN027.chr4.maternal:95110297-95335551	PAN028.chr4.haplotype2:93641841-93867096
PAN010.chr4.haplotype2:95465173-96301295	PAN027.chr4.maternal:95885080-96721196	PAN028.chr4.haplotype2:94416628-95252749
PAN010.chr4.haplotype2:9621734-10400998	PAN027.chr4.maternal:9622784-10402041	PAN028.chr4.haplotype2:9624305-10403569
PAN010.chr4.haplotype2:96282340-97068539	PAN027.chr4.maternal:96702241-97488436	PAN028.chr4.haplotype2:95233794-96019991
PAN010.chr4.haplotype2:97049288-97502433	PAN027.chr4.maternal:97469185-97922328	PAN028.chr4.haplotype2:96000740-96453885
PAN010.chr4.haplotype2:97479952-97831686	PAN027.chr4.maternal:97899847-98251580	PAN028.chr4.haplotype2:96431404-96783138
PAN010.chr4.haplotype2:97809094-97856829	PAN027.chr4.maternal:98228988-98276723	PAN028.chr4.haplotype2:96760546-96808281
PAN010.chr4.haplotype2:97832560-98210805	PAN027.chr4.maternal:98252454-98630698	PAN028.chr4.haplotype2:96784012-97162256
PAN010.chr4.haplotype2:98292384-98622087	PAN027.chr4.maternal:98712277-99041979	PAN028.chr4.haplotype2:97243835-97573539
PAN010.chr4.haplotype2:98595645-98791660	PAN027.chr4.maternal:99015537-99211551	PAN028.chr4.haplotype2:97547097-97743111
PAN010.chr4.haplotype2:98765750-99868376	PAN027.chr4.maternal:99185641-100288264	PAN028.chr4.haplotype2:97717201-98819827
PAN010.chr4.haplotype2:99847622-101420842	PAN027.chr4.maternal:100267510-101840729	PAN028.chr4.haplotype2:98799073-100372304
PAN010.chr5.haplotype1:11008310-15532878	PAN027.chr5.maternal:10990892-15515423	PAN028.chr5.haplotype2:10989309-15513871
PAN010.chr5.haplotype1:137189141-137635374	PAN027.chr5.maternal:137169193-137615425	PAN028.chr5.haplotype2:136726576-137172810
PAN010.chr5.haplotype1:137724902-138101053	PAN027.chr5.maternal:137704953-138081105	PAN028.chr5.haplotype2:137262338-137638497
PAN010.chr5.haplotype1:138067412-138619869	PAN027.chr5.maternal:138047463-138599919	PAN028.chr5.haplotype2:137604855-138157314
PAN010.chr5.haplotype1:138598887-138631193	PAN027.chr5.maternal:138578937-138611243	PAN028.chr5.haplotype2:138136332-138168638
PAN010.chr5.haplotype1:138686774-138832625	PAN027.chr5.maternal:138666824-138812675	PAN028.chr5.haplotype2:138224219-138370070
PAN010.chr5.haplotype1:138824378-139060002	PAN027.chr5.maternal:138804428-139040052	PAN028.chr5.haplotype2:138361823-138597447
PAN010.chr5.haplotype1:139035705-139618730	PAN027.chr5.maternal:139015755-139598778	PAN028.chr5.haplotype2:138573150-139156173
PAN010.chr5.haplotype1:139616425-141710815	PAN027.chr5.maternal:139596473-141690844	PAN028.chr5.haplotype2:139153868-141248268
PAN010.chr5.haplotype1:141688749-141984509	PAN027.chr5.maternal:141668778-141964534	PAN028.chr5.haplotype2:141226202-141521966
PAN010.chr5.haplotype1:141968504-142993734	PAN027.chr5.maternal:141948529-142973758	PAN028.chr5.haplotype2:141505961-142531191
PAN010.chr5.haplotype1:143207925-145612390	PAN027.chr5.maternal:143187949-145592405	PAN028.chr5.haplotype2:142745384-145149861
PAN010.chr5.haplotype1:145698384-145852013	PAN027.chr5.maternal:145678398-145832027	PAN028.chr5.haplotype2:145235854-145389483
PAN010.chr5.haplotype1:145865972-146205211	PAN027.chr5.maternal:145845986-146185224	PAN028.chr5.haplotype2:145403442-145742681
PAN010.chr5.haplotype1:146284612-146766595	PAN027.chr5.maternal:146264624-146746606	PAN028.chr5.haplotype2:145822081-146304065
PAN010.chr5.haplotype1:146767660-150716669	PAN027.chr5.maternal:146747671-150696672	PAN028.chr5.haplotype2:146305130-150254143
PAN010.chr5.haplotype1:150714417-152836201	PAN027.chr5.maternal:150694420-152816180	PAN028.chr5.haplotype2:150251891-152373668
PAN010.chr5.haplotype1:152820364-152917160	PAN027.chr5.maternal:152800353-152897136	PAN028.chr5.haplotype2:152357841-152454626
PAN010.chr5.haplotype1:152894612-152956645	PAN027.chr5.maternal:152874591-152936621	PAN028.chr5.haplotype2:152432079-152494111
PAN010.chr5.haplotype1:152953535-153334273	PAN027.chr5.maternal:152933511-153314250	PAN028.chr5.haplotype2:152491001-152871739
PAN010.chr5.haplotype1:153322817-159093016	PAN027.chr5.maternal:153302794-159072969	PAN028.chr5.haplotype2:152860283-158630492
PAN010.chr5.haplotype1:15511620-15924350	PAN027.chr5.maternal:15494165-15906896	PAN028.chr5.haplotype2:15492613-15905343
PAN010.chr5.haplotype1:15903607-16987514	PAN027.chr5.maternal:15886153-16970053	PAN028.chr5.haplotype2:15884600-16968507
PAN010.chr5.haplotype1:159072354-161108163	PAN027.chr5.maternal:159052307-161088104	PAN028.chr5.haplotype2:158609830-160645640
PAN010.chr5.haplotype1:161086741-161953872	PAN027.chr5.maternal:161066682-161933810	PAN028.chr5.haplotype2:160624218-161491352
PAN010.chr5.haplotype1:161811517-162284799	PAN027.chr5.maternal:161791455-162264732	PAN028.chr5.haplotype2:161348997-161822280
PAN010.chr5.haplotype1:162258967-162587824	PAN027.chr5.maternal:162238900-162567751	PAN028.chr5.haplotype2:161796448-162125306
PAN010.chr5.haplotype1:162595838-166598166	PAN027.chr5.maternal:162575765-166578091	PAN028.chr5.haplotype2:162133320-166135678
PAN010.chr5.haplotype1:166583275-168705222	PAN027.chr5.maternal:166563200-168685139	PAN028.chr5.haplotype2:166120786-168242733
PAN010.chr5.haplotype1:168696446-169155712	PAN027.chr5.maternal:168676363-169135628	PAN028.chr5.haplotype2:168233957-168693224
PAN010.chr5.haplotype1:169135455-169649289	PAN027.chr5.maternal:169115371-169629205	PAN028.chr5.haplotype2:168672967-169186802
PAN010.chr5.haplotype1:169644717-170314347	PAN027.chr5.maternal:169624633-170294263	PAN028.chr5.haplotype2:169182230-169851860
PAN010.chr5.haplotype1:16978031-25223951	PAN027.chr5.maternal:16960570-25206455	PAN028.chr5.haplotype2:16959024-25204956
PAN010.chr5.haplotype1:170288357-171559953	PAN027.chr5.maternal:170268273-171539869	PAN028.chr5.haplotype2:169825870-171097478
PAN010.chr5.haplotype1:171585707-171687233	PAN027.chr5.maternal:171565622-171667147	PAN028.chr5.haplotype2:171123232-171224757
PAN010.chr5.haplotype1:171662403-171863277	PAN027.chr5.maternal:171642318-171843190	PAN028.chr5.haplotype2:171199928-171400800
PAN010.chr5.haplotype1:171897984-174520266	PAN027.chr5.maternal:171877896-174500157	PAN028.chr5.haplotype2:171435507-174057787
PAN010.chr5.haplotype1:174532044-178061775	PAN027.chr5.maternal:174511935-178041637	PAN028.chr5.haplotype2:174069565-177599309
PAN010.chr5.haplotype1:178035750-178550797	PAN027.chr5.maternal:178015612-178530658	PAN028.chr5.haplotype2:177573284-178088337
PAN010.chr5.haplotype1:178539812-180258343	PAN027.chr5.maternal:178519673-180238186	PAN028.chr5.haplotype2:178077351-179795883
PAN010.chr5.haplotype1:180236602-183344166	PAN027.chr5.maternal:180216445-183323994	PAN028.chr5.haplotype2:179774142-182881722
PAN010.chr5.haplotype1:60000059-61014263	PAN027.chr5.maternal:59980365-60994567	PAN028.chr5.haplotype2:59528522-60542773
PAN010.chr5.haplotype1:60994351-62601722	PAN027.chr5.maternal:60974655-62582025	PAN028.chr5.haplotype2:60522861-62130240
PAN010.chr5.haplotype1:63952829-64090393	PAN027.chr5.maternal:63933128-64070694	PAN028.chr5.haplotype2:63481354-63618919
PAN010.chr5.haplotype1:64078503-64369703	PAN027.chr5.maternal:64058803-64350004	PAN028.chr5.haplotype2:63607029-63898230
PAN010.chr5.haplotype1:64343834-64494868	PAN027.chr5.maternal:64324135-64475169	PAN028.chr5.haplotype2:63872360-64023394
PAN010.chr5.haplotype1:64467608-66906421	PAN027.chr5.maternal:64447908-66886706	PAN028.chr5.haplotype2:63996134-66434949
PAN010.chr5.haplotype1:66884479-66971851	PAN027.chr5.maternal:66864765-66952135	PAN028.chr5.haplotype2:66413008-66500378
PAN010.chr5.haplotype1:66902578-67061135	PAN027.chr5.maternal:66882863-67041420	PAN028.chr5.haplotype2:66431106-66589665
PAN010.chr5.haplotype1:67643322-69627880	PAN027.chr5.maternal:67623599-69608150	PAN028.chr5.haplotype2:67171844-69156406
PAN010.chr5.haplotype1:69606765-69757296	PAN027.chr5.maternal:69587034-69737567	PAN028.chr5.haplotype2:69135291-69285825
PAN010.chr5.haplotype1:69713045-70908155	PAN027.chr5.maternal:69693315-70888421	PAN028.chr5.haplotype2:69241573-70436686
PAN010.chr5.haplotype1:70854596-74657332	PAN027.chr5.maternal:70834862-74637581	PAN028.chr5.haplotype2:70383127-74185873
PAN010.chr5.haplotype1:74878282-76072439	PAN027.chr5.maternal:74858530-76052683	PAN028.chr5.haplotype2:74406820-75600986
PAN010.chr5.haplotype1:76025683-77993706	PAN027.chr5.maternal:76005927-77973942	PAN028.chr5.haplotype2:75554230-77522272
PAN010.chr5.haplotype1:77988989-81496893	PAN027.chr5.maternal:77969225-81477118	PAN028.chr5.haplotype2:77517555-81025477
PAN010.chr5.haplotype1:81477119-85559312	PAN027.chr5.maternal:81457344-85539501	PAN028.chr5.haplotype2:81005703-85087879
PAN010.chr5.haplotype1:85535070-85792133	PAN027.chr5.maternal:85515259-85772319	PAN028.chr5.haplotype2:85063637-85320700
PAN010.chr5.haplotype1:85796508-87055957	PAN027.chr5.maternal:85776694-87036138	PAN028.chr5.haplotype2:85325075-86584527
PAN010.chr5.haplotype1:87032462-88851078	PAN027.chr5.maternal:87012643-88831249	PAN028.chr5.haplotype2:86561032-88379651
PAN010.chr5.haplotype1:88827154-89538159	PAN027.chr5.maternal:88807325-89518340	PAN028.chr5.haplotype2:88355727-89066744
PAN010.chr5.haplotype1:89539654-91450301	PAN027.chr5.maternal:89519835-91430478	PAN028.chr5.haplotype2:89068239-90978888
PAN010.chr5.haplotype1:91575643-96098683	PAN027.chr5.maternal:91555815-96078847	PAN028.chr5.haplotype2:91104225-95627279
PAN010.chr5.haplotype1:96490845-97376051	PAN027.chr5.maternal:96471007-97356209	PAN028.chr5.haplotype2:96019441-96904647
PAN010.chr5.haplotype2:10188239-10603023	PAN027.chr5.maternal:10190339-10605115	PAN028.chr5.haplotype2:10188751-10603532
PAN010.chr5.haplotype2:10585185-11008414	PAN027.chr5.maternal:10587277-11010506	PAN028.chr5.haplotype2:10585694-11008923
PAN010.chr5.haplotype2:4168319-6056899	PAN027.chr5.maternal:4170444-6059016	PAN028.chr5.haplotype2:4168833-6057408
PAN010.chr5.haplotype2:6035393-6256916	PAN027.chr5.maternal:6037510-6259033	PAN028.chr5.haplotype2:6035902-6257425
PAN010.chr5.haplotype2:6236789-6747551	PAN027.chr5.maternal:6238906-6749660	PAN028.chr5.haplotype2:6237298-6748055
PAN010.chr5.haplotype2:6728300-8684809	PAN027.chr5.maternal:6730409-8686911	PAN028.chr5.haplotype2:6728804-8685321
PAN010.chr5.haplotype2:8660300-9042062	PAN027.chr5.maternal:8662402-9044162	PAN028.chr5.haplotype2:8660812-9042573
PAN010.chr5.haplotype2:9026396-9817343	PAN027.chr5.maternal:9028496-9819443	PAN028.chr5.haplotype2:9026907-9817855
PAN010.chr5.haplotype2:9802759-10221311	PAN027.chr5.maternal:9804859-10223411	PAN028.chr5.haplotype2:9803271-10221823
PAN010.chr6.haplotype1:11447981-12196232	PAN027.chr6.maternal:11442712-12190961	PAN028.chr6.haplotype1:11442952-12191205
PAN010.chr6.haplotype1:12175757-14791453	PAN027.chr6.maternal:12170486-14786161	PAN028.chr6.haplotype1:12170730-14786424
PAN010.chr6.haplotype1:14824907-16449548	PAN027.chr6.maternal:14819616-16444245	PAN028.chr6.haplotype1:14819879-16444541
PAN010.chr6.haplotype1:156216163-156675255	PAN027.chr6.maternal:156222141-156681225	PAN028.chr6.haplotype1:156231504-156690558
PAN010.chr6.haplotype1:156655503-158599863	PAN027.chr6.maternal:156661479-158605819	PAN028.chr6.haplotype1:156670845-158615164
PAN010.chr6.haplotype1:158574704-158640215	PAN027.chr6.maternal:158580660-158646166	PAN028.chr6.haplotype1:158590005-158655511
PAN010.chr6.haplotype1:158740371-161558144	PAN027.chr6.maternal:158746322-161564087	PAN028.chr6.haplotype1:158755667-161573443
PAN010.chr6.haplotype1:161536429-163134841	PAN027.chr6.maternal:161542372-163140775	PAN028.chr6.haplotype1:161551728-163150141
PAN010.chr6.haplotype1:161536759-161555624	PAN027.chr6.maternal:161542702-161561567	PAN028.chr6.haplotype1:161552058-161570923
PAN010.chr6.haplotype1:163129943-168074531	PAN027.chr6.maternal:163135877-168080441	PAN028.chr6.haplotype1:163145243-168089838
PAN010.chr6.haplotype1:16424372-19970072	PAN027.chr6.maternal:16419072-19964758	PAN028.chr6.haplotype1:16419366-19965076
PAN010.chr6.haplotype1:19945932-20415227	PAN027.chr6.maternal:19940617-20409913	PAN028.chr6.haplotype1:19940936-20410238
PAN010.chr6.haplotype1:20437136-20577257	PAN027.chr6.maternal:20431822-20571942	PAN028.chr6.haplotype1:20432147-20572268
PAN010.chr6.haplotype1:20748011-23699653	PAN027.chr6.maternal:20742693-23694308	PAN028.chr6.haplotype1:20743023-23694661
PAN010.chr6.haplotype1:23627515-24444423	PAN027.chr6.maternal:23622170-24439075	PAN028.chr6.haplotype1:23622522-24439433
PAN010.chr6.haplotype1:24426574-27709074	PAN027.chr6.maternal:24421226-27703702	PAN028.chr6.haplotype1:24421584-27704083
PAN010.chr6.haplotype1:28547147-29128787	PAN027.chr6.maternal:28541770-29123412	PAN028.chr6.haplotype1:28542156-29123803
PAN010.chr6.haplotype1:29108330-29652090	PAN027.chr6.maternal:29102955-29646713	PAN028.chr6.haplotype1:29103346-29647107
PAN010.chr6.haplotype1:29634043-30220360	PAN027.chr6.maternal:29628666-30214982	PAN028.chr6.haplotype1:29629060-30215380
PAN010.chr6.haplotype1:30227268-30705797	PAN027.chr6.maternal:30221890-30700417	PAN028.chr6.haplotype1:30222288-30700817
PAN010.chr6.haplotype1:30684537-30887554	PAN027.chr6.maternal:30679157-30882173	PAN028.chr6.haplotype1:30679557-30882573
PAN010.chr6.haplotype1:30870194-32911009	PAN027.chr6.maternal:30864814-32905613	PAN028.chr6.haplotype1:30865214-32906032
PAN010.chr6.haplotype1:32885352-33060024	PAN027.chr6.maternal:32879956-33054628	PAN028.chr6.haplotype1:32880375-33055049
PAN010.chr6.haplotype1:33040829-34060132	PAN027.chr6.maternal:33035433-34054736	PAN028.chr6.haplotype1:33035854-34055167
PAN010.chr6.haplotype1:34035885-34452366	PAN027.chr6.maternal:34030489-34446969	PAN028.chr6.haplotype1:34030920-34447411
PAN010.chr6.haplotype1:35133951-38265993	PAN027.chr6.maternal:35128555-38260576	PAN028.chr6.haplotype1:35129009-38261067
PAN010.chr6.haplotype1:38263253-38890201	PAN027.chr6.maternal:38257836-38884779	PAN028.chr6.haplotype1:38258327-38885282
PAN010.chr6.haplotype1:38869797-40447816	PAN027.chr6.maternal:38864375-40442392	PAN028.chr6.haplotype1:38864878-40442900
PAN010.chr6.haplotype1:40427177-40955978	PAN027.chr6.maternal:40421753-40950552	PAN028.chr6.haplotype1:40422261-40951060
PAN010.chr6.haplotype1:40937317-41059040	PAN027.chr6.maternal:40931891-41053614	PAN028.chr6.haplotype1:40932399-41054122
PAN010.chr6.haplotype1:41040976-41099498	PAN027.chr6.maternal:41035550-41094072	PAN028.chr6.haplotype1:41036058-41094580
PAN010.chr6.haplotype1:41077492-41188894	PAN027.chr6.maternal:41072066-41183468	PAN028.chr6.haplotype1:41072574-41183976
PAN010.chr6.haplotype1:41248191-45131319	PAN027.chr6.maternal:41242764-45125851	PAN028.chr6.haplotype1:41243272-45126391
PAN010.chr6.haplotype1:49721118-51833692	PAN027.chr6.maternal:49715634-51828190	PAN028.chr6.haplotype1:49716172-51828751
PAN010.chr6.haplotype1:51808816-52221782	PAN027.chr6.maternal:51803314-52216281	PAN028.chr6.haplotype1:51803875-52216845
PAN010.chr6.haplotype1:52202011-55631664	PAN027.chr6.maternal:52196510-55626151	PAN028.chr6.haplotype1:52197074-55626732
PAN010.chr6.haplotype1:55609953-56438118	PAN027.chr6.maternal:55604440-56432607	PAN028.chr6.haplotype1:55605021-56433187
PAN010.chr6.haplotype1:56440461-57319095	PAN027.chr6.maternal:56434942-57313573	PAN028.chr6.haplotype1:56435530-57314172
PAN010.chr6.haplotype1:57299401-58324332	PAN027.chr6.maternal:57293879-58318805	PAN028.chr6.haplotype1:57294478-58319410
PAN010.chr6.haplotype1:58461756-63118978	PAN027.chr6.maternal:58456229-63113449	PAN028.chr6.haplotype1:58456834-63114061
PAN010.chr6.haplotype1:63108671-65748685	PAN027.chr6.maternal:63103142-65743153	PAN028.chr6.haplotype1:63103754-65743778
PAN010.chr6.haplotype1:65725775-66352120	PAN027.chr6.maternal:65720243-66346586	PAN028.chr6.haplotype1:65720866-66347214
PAN010.chr6.haplotype1:66354510-74371650	PAN027.chr6.maternal:66348976-74366091	PAN028.chr6.haplotype1:66349604-74366755
PAN010.chr6.haplotype1:66355897-66373523	PAN027.chr6.maternal:66350363-66367989	PAN028.chr6.haplotype1:66350991-66368617
PAN010.chr6.haplotype1:74353385-77727415	PAN027.chr6.maternal:74347826-77721850	PAN028.chr6.haplotype1:74348489-77722520
PAN010.chr6.haplotype1:77720022-82193963	PAN027.chr6.maternal:77714457-82188384	PAN028.chr6.haplotype1:77715127-82189066
PAN010.chr6.haplotype1:82508783-82689171	PAN027.chr6.maternal:82503204-82683589	PAN028.chr6.haplotype1:82503886-82684271
PAN010.chr6.haplotype1:82648798-83940369	PAN027.chr6.maternal:82643216-83934785	PAN028.chr6.haplotype1:82643898-83935471
PAN010.chr6.haplotype1:84229051-85142677	PAN027.chr6.maternal:84223464-85137088	PAN028.chr6.haplotype1:84224150-85137784
PAN010.chr6.haplotype1:85292341-86137227	PAN027.chr6.maternal:85286747-86131630	PAN028.chr6.haplotype1:85287447-86132337
PAN010.chr6.haplotype1:86168585-86644996	PAN027.chr6.maternal:86162988-86639397	PAN028.chr6.haplotype1:86163695-86640105
PAN010.chr6.haplotype1:86698638-95964128	PAN027.chr6.maternal:86693039-95958484	PAN028.chr6.haplotype1:86693747-95959234
PAN010.chr6.haplotype1:9269560-9328936	PAN027.chr6.maternal:9264305-9323681	PAN028.chr6.haplotype1:9264525-9323901
PAN010.chr6.haplotype1:9306793-11455090	PAN027.chr6.maternal:9301538-11449821	PAN028.chr6.haplotype1:9301758-11450061
PAN010.chr6.haplotype1:95959645-96486729	PAN027.chr6.maternal:95954049-96481084	PAN028.chr6.haplotype1:95954751-96481839
PAN010.chr6.haplotype1:96464172-98328033	PAN027.chr6.maternal:96458527-98322384	PAN028.chr6.haplotype1:96459282-98323142
PAN010.chr6.haplotype1:98441411-99188417	PAN027.chr6.maternal:98435755-99182759	PAN028.chr6.haplotype1:98436519-99183527
PAN010.chr6.haplotype1:99404147-100372186	PAN027.chr6.maternal:99398502-100366537	PAN028.chr6.haplotype1:99399261-100367300
PAN010.chr6.haplotype2:1084776-1717349	PAN027.chr6.maternal:1078412-1710981	PAN028.chr6.haplotype1:1078597-1711166
PAN010.chr6.haplotype2:132218763-132408382	PAN027.chr6.maternal:131812983-132002601	PAN028.chr6.haplotype2:132224647-132414280
PAN010.chr6.haplotype2:137740485-138380633	PAN027.chr6.maternal:137334669-137974810	PAN028.chr6.haplotype1:137343928-137984080
PAN010.chr6.haplotype2:138362876-138662979	PAN027.chr6.maternal:137957053-138257157	PAN028.chr6.haplotype1:137966323-138266427
PAN010.chr6.haplotype2:138642077-139899428	PAN027.chr6.maternal:138236255-139493602	PAN028.chr6.haplotype1:138245525-139502873
PAN010.chr6.haplotype2:139896126-140571980	PAN027.chr6.maternal:139490300-140166153	PAN028.chr6.haplotype1:139499571-140175430
PAN010.chr6.haplotype2:140572934-141419202	PAN027.chr6.maternal:140167107-141013369	PAN028.chr6.haplotype1:140176384-141022645
PAN010.chr6.haplotype2:141424640-141782268	PAN027.chr6.maternal:141018807-141376431	PAN028.chr6.haplotype1:141028083-141385707
PAN010.chr6.haplotype2:141760647-141790706	PAN027.chr6.maternal:141354810-141384869	PAN028.chr6.haplotype1:141364086-141394145
PAN010.chr6.haplotype2:141767918-142206067	PAN027.chr6.maternal:141362081-141800230	PAN028.chr6.haplotype1:141371357-141809509
PAN010.chr6.haplotype2:142193697-142627989	PAN027.chr6.maternal:141787860-142222151	PAN028.chr6.haplotype1:141797139-142231433
PAN010.chr6.haplotype2:142603925-144968080	PAN027.chr6.maternal:142198087-144562239	PAN028.chr6.haplotype1:142207369-144571527
PAN010.chr6.haplotype2:144964524-147415924	PAN027.chr6.maternal:144558683-147010060	PAN028.chr6.haplotype1:144567971-147019359
PAN010.chr6.haplotype2:147395326-147940098	PAN027.chr6.maternal:146989462-147534239	PAN028.chr6.haplotype1:146998761-147543540
PAN010.chr6.haplotype2:147950804-148290176	PAN027.chr6.maternal:147544945-147884317	PAN028.chr6.haplotype1:147554246-147893617
PAN010.chr6.haplotype2:148291050-149752727	PAN027.chr6.maternal:147885191-149346863	PAN028.chr6.haplotype1:147894491-149356172
PAN010.chr6.haplotype2:149953690-150106027	PAN027.chr6.maternal:149547833-149700177	PAN028.chr6.haplotype1:149557144-149709488
PAN010.chr6.haplotype2:150095350-153472709	PAN027.chr6.maternal:149689494-153066826	PAN028.chr6.haplotype1:149698805-153076164
PAN010.chr6.haplotype2:153449862-153822354	PAN027.chr6.maternal:153043979-153416471	PAN028.chr6.haplotype1:153053317-153425813
PAN010.chr6.haplotype2:153799559-154272700	PAN027.chr6.maternal:153393676-153866816	PAN028.chr6.haplotype1:153403018-153876160
PAN010.chr6.haplotype2:154257996-155703932	PAN027.chr6.maternal:153852112-155298041	PAN028.chr6.haplotype1:153861456-155307394
PAN010.chr6.haplotype2:1721940-5812838	PAN027.chr6.maternal:1715572-5806457	PAN028.chr6.haplotype1:1715757-5806650
PAN010.chr6.haplotype2:190309-317555	PAN027.chr6.maternal:183950-311195	PAN028.chr6.haplotype1:184130-311375
PAN010.chr6.haplotype2:306434-701425	PAN027.chr6.maternal:300074-695065	PAN028.chr6.haplotype1:300254-695248
PAN010.chr6.haplotype2:5817915-8573566	PAN027.chr6.maternal:5811534-8567175	PAN028.chr6.haplotype1:5811728-8567392
PAN010.chr6.haplotype2:676604-892787	PAN027.chr6.maternal:670244-886424	PAN028.chr6.haplotype1:670427-886608
PAN010.chr6.haplotype2:79018-215524	PAN027.chr6.maternal:72661-209164	PAN028.chr6.haplotype1:72841-209344
PAN010.chr6.haplotype2:8573317-9139323	PAN027.chr6.maternal:8566926-9132942	PAN028.chr6.haplotype1:8567143-9133161
PAN010.chr6.haplotype2:873572-1111436	PAN027.chr6.maternal:867210-1105072	PAN028.chr6.haplotype1:867394-1105256
PAN010.chr6.haplotype2:9143198-9277295	PAN027.chr6.maternal:9136817-9270912	PAN028.chr6.haplotype1:9137036-9271132
PAN010.chr7.haplotype1:130771640-132357223	PAN027.chr7.maternal:130766307-132351882	PAN028.chr7.haplotype2:130953848-132539438
PAN010.chr7.haplotype1:15333177-16286472	PAN027.chr7.maternal:15328335-16281627	PAN028.chr7.haplotype2:15319077-16272375
PAN010.chr7.haplotype1:156795380-159011504	PAN027.chr7.maternal:156645041-158861006	PAN028.chr7.haplotype2:156833037-159048972
PAN010.chr7.haplotype1:16265670-16544394	PAN027.chr7.maternal:16260825-16539548	PAN028.chr7.haplotype2:16251573-16530297
PAN010.chr7.haplotype1:16521630-17110512	PAN027.chr7.maternal:16516784-17105665	PAN028.chr7.haplotype2:16507533-17096422
PAN010.chr7.haplotype1:17208337-17360204	PAN027.chr7.maternal:17203490-17355357	PAN028.chr7.haplotype2:17194247-17346116
PAN010.chr7.haplotype1:17355394-18207573	PAN027.chr7.maternal:17350547-18202740	PAN028.chr7.haplotype2:17341306-18193504
PAN010.chr7.haplotype1:18192776-18841154	PAN027.chr7.maternal:18187943-18836322	PAN028.chr7.haplotype2:18178707-18827089
PAN010.chr7.haplotype1:18839091-20954826	PAN027.chr7.maternal:18834259-20949984	PAN028.chr7.haplotype2:18825026-20940775
PAN010.chr7.haplotype1:20919086-21103799	PAN027.chr7.maternal:20914245-21098956	PAN028.chr7.haplotype2:20905033-21089747
PAN010.chr7.haplotype1:21091293-21374816	PAN027.chr7.maternal:21086450-21369973	PAN028.chr7.haplotype2:21077241-21360764
PAN010.chr7.haplotype1:21351151-21702102	PAN027.chr7.maternal:21346308-21697258	PAN028.chr7.haplotype2:21337099-21688052
PAN010.chr7.haplotype1:21683177-21834587	PAN027.chr7.maternal:21678333-21829743	PAN028.chr7.haplotype2:21669126-21820540
PAN010.chr7.haplotype1:21815493-22412090	PAN027.chr7.maternal:21810649-22407244	PAN028.chr7.haplotype2:21801445-22398046
PAN010.chr7.haplotype1:22414059-22927956	PAN027.chr7.maternal:22409213-22923105	PAN028.chr7.haplotype2:22400015-22913914
PAN010.chr7.haplotype1:24339957-24649162	PAN027.chr7.maternal:24335085-24644290	PAN028.chr7.haplotype2:24325904-24635112
PAN010.chr7.haplotype1:24804556-25977373	PAN027.chr7.maternal:24799684-25972493	PAN028.chr7.haplotype2:24790506-25963318
PAN010.chr7.haplotype1:25962333-26417758	PAN027.chr7.maternal:25957457-26412878	PAN028.chr7.haplotype2:25948282-26403703
PAN010.chr7.haplotype1:26398710-27561493	PAN027.chr7.maternal:26393830-27556604	PAN028.chr7.haplotype2:26384655-27547430
PAN010.chr7.haplotype1:27576842-28268118	PAN027.chr7.maternal:27571952-28263227	PAN028.chr7.haplotype2:27562778-28254059
PAN010.chr7.haplotype1:28255582-28606500	PAN027.chr7.maternal:28250691-28601608	PAN028.chr7.haplotype2:28241523-28592443
PAN010.chr7.haplotype1:28622853-30667263	PAN027.chr7.maternal:28617961-30662358	PAN028.chr7.haplotype2:28608796-30653207
PAN010.chr7.haplotype1:30742226-31449934	PAN027.chr7.maternal:30737321-31445021	PAN028.chr7.haplotype2:30728172-31435872
PAN010.chr7.haplotype1:31429435-33880307	PAN027.chr7.maternal:31424522-33875376	PAN028.chr7.haplotype2:31415373-33866246
PAN010.chr7.haplotype1:33835608-34032696	PAN027.chr7.maternal:33830679-34027765	PAN028.chr7.haplotype2:33821547-34018635
PAN010.chr7.haplotype1:34039564-37288807	PAN027.chr7.maternal:34034633-37283872	PAN028.chr7.haplotype2:34025503-37274757
PAN010.chr7.haplotype1:37278427-37815686	PAN027.chr7.maternal:37273492-37810752	PAN028.chr7.haplotype2:37264377-37801638
PAN010.chr7.haplotype1:37791123-37845956	PAN027.chr7.maternal:37786189-37841022	PAN028.chr7.haplotype2:37777075-37831909
PAN010.chr7.haplotype1:38089853-39149286	PAN027.chr7.maternal:38084908-39144335	PAN028.chr7.haplotype2:38075796-39135227
PAN010.chr7.haplotype1:39129018-40853776	PAN027.chr7.maternal:39124067-40848804	PAN028.chr7.haplotype2:39114959-40839710
PAN010.chr7.haplotype1:40856661-42382266	PAN027.chr7.maternal:40851689-42377291	PAN028.chr7.haplotype2:40842595-42368204
PAN010.chr7.haplotype1:42357687-43897834	PAN027.chr7.maternal:42352712-43892868	PAN028.chr7.haplotype2:42343625-43883786
PAN010.chr7.haplotype1:43879612-44622317	PAN027.chr7.maternal:43874646-44617349	PAN028.chr7.haplotype2:43865564-44608270
PAN010.chr7.haplotype1:44597940-46197884	PAN027.chr7.maternal:44592972-46192906	PAN028.chr7.haplotype2:44583892-46183837
PAN010.chr7.haplotype1:46176127-48196781	PAN027.chr7.maternal:46171149-48191792	PAN028.chr7.haplotype2:46162080-48182735
PAN010.chr7.haplotype1:48174473-48392871	PAN027.chr7.maternal:48169485-48387881	PAN028.chr7.haplotype2:48160428-48378826
PAN010.chr7.haplotype1:48558425-51696112	PAN027.chr7.maternal:48553434-51691119	PAN028.chr7.haplotype2:48544380-51682073
PAN010.chr7.haplotype1:58104078-58783000	PAN027.chr7.maternal:58099048-58777969	PAN028.chr7.haplotype2:58084522-58763444
PAN010.chr7.haplotype1:58763359-59206579	PAN027.chr7.maternal:58758328-59201547	PAN028.chr7.haplotype2:58743803-59187022
PAN010.chr7.haplotype1:59192982-59359431	PAN027.chr7.maternal:59187950-59354397	PAN028.chr7.haplotype2:59173425-59339872
PAN010.chr7.haplotype1:59326714-59632656	PAN027.chr7.maternal:59321680-59627622	PAN028.chr7.haplotype2:59307155-59613097
PAN010.chr7.haplotype1:59757604-60238529	PAN027.chr7.maternal:59752570-60233495	PAN028.chr7.haplotype2:59738045-60218970
PAN010.chr7.haplotype1:60336950-61046062	PAN027.chr7.maternal:60331916-61041028	PAN028.chr7.haplotype2:60317391-61026503
PAN010.chr7.haplotype1:61023538-61486973	PAN027.chr7.maternal:61018504-61481496	PAN028.chr7.haplotype2:61003979-61466876
PAN010.chr7.haplotype1:61457308-63726720	PAN027.chr7.maternal:61452369-63721784	PAN028.chr7.haplotype2:61437749-63705455
PAN010.chr7.haplotype1:63758129-70019912	PAN027.chr7.maternal:63753193-70014936	PAN028.chr7.haplotype2:63736864-69998670
PAN010.chr7.haplotype1:70997201-71159957	PAN027.chr7.maternal:70992212-71154970	PAN028.chr7.haplotype2:70975964-71138721
PAN010.chr7.haplotype1:71232324-71927669	PAN027.chr7.maternal:71227337-71922671	PAN028.chr7.haplotype2:71211088-71906176
PAN010.chr7.haplotype1:72174591-72728215	PAN027.chr7.maternal:72169589-72723187	PAN028.chr7.haplotype2:72153094-72706715
PAN010.chr7.haplotype1:72716879-72910606	PAN027.chr7.maternal:72711851-72905580	PAN028.chr7.haplotype2:72695379-72889108
PAN010.chr7.haplotype1:72961534-73300127	PAN027.chr7.maternal:72956508-73295098	PAN028.chr7.haplotype2:72940036-73278640
PAN010.chr7.haplotype1:73825791-74609842	PAN027.chr7.maternal:73820749-74604803	PAN028.chr7.haplotype2:73804308-74588365
PAN010.chr7.haplotype1:74973926-76590191	PAN027.chr7.maternal:74968891-76585134	PAN028.chr7.haplotype2:74952454-76568585
PAN010.chr7.haplotype1:76586019-76675017	PAN027.chr7.maternal:76580962-76669958	PAN028.chr7.haplotype2:76564413-76653411
PAN010.chr7.haplotype1:76655483-76904033	PAN027.chr7.maternal:76650424-76898971	PAN028.chr7.haplotype2:76633877-76882440
PAN010.chr7.haplotype1:76882699-78930824	PAN027.chr7.maternal:76877637-78925748	PAN028.chr7.haplotype2:76861104-78909239
PAN010.chr7.haplotype2:133224340-133434939	PAN027.chr7.maternal:132345234-132555833	PAN028.chr7.haplotype2:132532790-132743391
PAN010.chr7.haplotype2:133411220-134447253	PAN027.chr7.maternal:132532114-133568135	PAN028.chr7.haplotype2:132719672-133755701
PAN010.chr7.haplotype2:134425269-135615853	PAN027.chr7.maternal:133546151-134736729	PAN028.chr7.haplotype2:133733717-134924303
PAN010.chr7.haplotype2:135590942-135660523	PAN027.chr7.maternal:134711818-134781397	PAN028.chr7.haplotype2:134899392-134968971
PAN010.chr7.haplotype2:135638124-138746361	PAN027.chr7.maternal:134759000-137867217	PAN028.chr7.haplotype2:134946574-138054822
PAN010.chr7.haplotype2:138983283-139649649	PAN027.chr7.maternal:138104139-138770506	PAN028.chr7.haplotype2:138291744-138958113
PAN010.chr7.haplotype2:139715000-144896079	PAN027.chr7.maternal:138835857-144016691	PAN028.chr7.haplotype2:139023464-144204578
PAN010.chr7.haplotype2:144871530-147115358	PAN027.chr7.maternal:143992142-146235962	PAN028.chr7.haplotype2:144180029-146423863
PAN010.chr7.haplotype2:147302103-148686708	PAN027.chr7.maternal:146422707-147807313	PAN028.chr7.haplotype2:146610608-147995221
PAN010.chr7.haplotype2:148698018-150056781	PAN027.chr7.maternal:147818623-149177373	PAN028.chr7.haplotype2:148006531-149365299
PAN010.chr7.haplotype2:150181577-151043693	PAN027.chr7.maternal:149302168-150164278	PAN028.chr7.haplotype2:149490095-150352215
PAN010.chr7.haplotype2:151051898-155538165	PAN027.chr7.maternal:150172483-154658734	PAN028.chr7.haplotype2:150360420-154846717
PAN010.chr7.haplotype2:155527285-157548482	PAN027.chr7.maternal:154647854-156668991	PAN028.chr7.haplotype2:154835837-156856987
PAN010.chr8.haplotype1:31831297-31931094	PAN027.chr8.maternal:31832965-31932762	PAN028.chr8.haplotype2:30538774-30638566
PAN010.chr8.haplotype2:119033315-123635912	PAN027.chr8.maternal:120287593-124890188	PAN028.chr8.haplotype1:119187571-123790208
PAN010.chr8.haplotype2:123614322-125530223	PAN027.chr8.maternal:124868598-126784487	PAN028.chr8.haplotype1:123768618-125684517
PAN010.chr8.haplotype2:125507935-130364885	PAN027.chr8.maternal:126762199-131619137	PAN028.chr8.haplotype1:125662229-130519191
PAN010.chr8.haplotype2:130340514-130444932	PAN027.chr8.maternal:131594766-131699184	PAN028.chr8.haplotype1:130494820-130599238
PAN010.chr8.haplotype2:130437267-131892259	PAN027.chr8.maternal:131691519-133146508	PAN028.chr8.haplotype1:130591555-132046576
PAN010.chr8.haplotype2:131907762-132153192	PAN027.chr8.maternal:133162011-133407439	PAN028.chr8.haplotype1:132062079-132307507
PAN010.chr8.haplotype2:132132424-132876904	PAN027.chr8.maternal:133386672-134131149	PAN028.chr8.haplotype1:132286740-133031216
PAN010.chr8.haplotype2:132855876-133996798	PAN027.chr8.maternal:134110121-135251041	PAN028.chr8.haplotype1:133010188-134151097
PAN010.chr8.haplotype2:133968181-139454825	PAN027.chr8.maternal:135222424-140708859	PAN028.chr8.haplotype1:134122480-139609135
PAN010.chr8.haplotype2:139431591-141649822	PAN027.chr8.maternal:140685625-142903840	PAN028.chr8.haplotype1:139585901-141804136
PAN010.chr8.haplotype2:141625478-143068665	PAN027.chr8.maternal:142879496-144322676	PAN028.chr8.haplotype1:141779792-143222983
PAN010.chr8.haplotype2:143050670-143818586	PAN027.chr8.maternal:144304681-145072594	PAN028.chr8.haplotype1:143204988-143972903
PAN010.chr8.haplotype2:61250058-62674513	PAN027.chr8.maternal:62504533-63928988	PAN028.chr8.haplotype1:61191720-62616177
PAN010.chr8.haplotype2:62790431-66239243	PAN027.chr8.maternal:64044906-67493714	PAN028.chr8.haplotype1:62732096-66180910
PAN010.chr8.haplotype2:66237969-66788239	PAN027.chr8.maternal:67492440-68042699	PAN028.chr8.haplotype1:66179636-66729905
PAN010.chr8.haplotype2:66770407-74077983	PAN027.chr8.maternal:68024867-75332423	PAN028.chr8.haplotype1:66712073-74019687
PAN010.chr8.haplotype2:74052644-77326063	PAN027.chr8.maternal:75307084-78580499	PAN028.chr8.haplotype1:73994348-77267770
PAN010.chr8.haplotype2:77318918-78265407	PAN027.chr8.maternal:78573354-79519842	PAN028.chr8.haplotype1:77260625-78207105
PAN010.chr9.haplotype1:27944738-28321348	PAN027.chr9.maternal:27829967-28206578	PAN028.chr9.haplotype2:27828668-28205278
PAN010.chr9.haplotype1:28307522-30524086	PAN027.chr9.maternal:28192750-30409302	PAN028.chr9.haplotype2:28191452-30408006
PAN010.chr9.haplotype1:31052900-31095205	PAN027.chr9.maternal:30938112-30980417	PAN028.chr9.haplotype2:30936816-30979122
PAN010.chr9.haplotype1:31074649-35248878	PAN027.chr9.maternal:30959861-35134063	PAN028.chr9.haplotype2:30958565-35132796
PAN010.chr9.haplotype1:35229997-35993548	PAN027.chr9.maternal:35115182-35878731	PAN028.chr9.haplotype2:35113915-35877469
PAN010.chr9.haplotype1:35971859-37957164	PAN027.chr9.maternal:35857042-37842334	PAN028.chr9.haplotype2:35855780-37841104
PAN010.chr9.haplotype1:37958924-38948051	PAN027.chr9.maternal:37844094-38833214	PAN028.chr9.haplotype2:37842864-38831990
PAN010.chr9.haplotype2:102789185-105145556	PAN027.chr9.maternal:94887737-97244099	PAN028.chr9.haplotype2:102096964-104453339
PAN010.chr9.haplotype2:105125268-107092623	PAN027.chr9.maternal:97223811-99191151	PAN028.chr9.haplotype2:104433051-106400409
PAN010.chr9.haplotype2:107066567-109407977	PAN027.chr9.maternal:99165095-101506493	PAN028.chr9.haplotype2:106374353-108715781
PAN010.chr9.haplotype2:109386469-110805609	PAN027.chr9.maternal:101484985-102904089	PAN028.chr9.haplotype2:108694273-110113416
PAN010.chr9.haplotype2:110795057-110892670	PAN027.chr9.maternal:102893537-102991149	PAN028.chr9.haplotype2:110102864-110200478
PAN010.chr9.haplotype2:110886501-111128919	PAN027.chr9.maternal:102984980-103227398	PAN028.chr9.haplotype2:110194308-110436730
PAN010.chr9.haplotype2:111098093-111577943	PAN027.chr9.maternal:103196572-103676409	PAN028.chr9.haplotype2:110405904-110885748
PAN010.chr9.haplotype2:111566739-115307869	PAN027.chr9.maternal:103665205-107406323	PAN028.chr9.haplotype2:110874544-114615694
PAN010.chr9.haplotype2:115299942-115488866	PAN027.chr9.maternal:107398396-107587315	PAN028.chr9.haplotype2:114607767-114796687
PAN010.chr9.haplotype2:115469582-115609096	PAN027.chr9.maternal:107568034-107707544	PAN028.chr9.haplotype2:114777406-114916916
PAN010.chr9.haplotype2:115695313-116109564	PAN027.chr9.maternal:107793761-108208013	PAN028.chr9.haplotype2:115003133-115417385
PAN010.chr9.haplotype2:116143357-116428999	PAN027.chr9.maternal:108241806-108527448	PAN028.chr9.haplotype2:115451178-115736821
PAN010.chr9.haplotype2:116287374-118859485	PAN027.chr9.maternal:108385823-110957931	PAN028.chr9.haplotype2:115595196-118167314
PAN010.chr9.haplotype2:118840825-121253122	PAN027.chr9.maternal:110939271-113351553	PAN028.chr9.haplotype2:118148654-120560964
PAN010.chr9.haplotype2:121241174-121334957	PAN027.chr9.maternal:113339606-113433388	PAN028.chr9.haplotype2:120549016-120642799
PAN010.chr9.haplotype2:121652476-121887576	PAN027.chr9.maternal:113750905-113986007	PAN028.chr9.haplotype2:120960319-121195423
PAN010.chr9.haplotype2:121868681-123612153	PAN027.chr9.maternal:113967112-115710575	PAN028.chr9.haplotype2:121176526-122920007
PAN010.chr9.haplotype2:124481338-125234460	PAN027.chr9.maternal:116579758-117332879	PAN028.chr9.haplotype2:123789200-124542327
PAN010.chr9.haplotype2:125203367-127107006	PAN027.chr9.maternal:117301786-119205405	PAN028.chr9.haplotype2:124511234-126414897
PAN010.chr9.haplotype2:2698666-5860956	PAN027.chr9.maternal:2698685-5860964	PAN028.chr9.haplotype2:2698259-5860553
PAN010.chr9.haplotype2:5834083-7878405	PAN027.chr9.maternal:5834091-7878402	PAN028.chr9.haplotype2:5833680-7878005
PAN010.chr9.haplotype2:7739075-8871003	PAN027.chr9.maternal:7739073-8870998	PAN028.chr9.haplotype2:7738674-8870604
PAN010.chr9.haplotype2:96420242-96560361	PAN027.chr9.maternal:88518849-88658967	PAN028.chr9.haplotype1:94360709-94500838
PAN010.chr9.haplotype2:96529869-96734812	PAN027.chr9.maternal:88628475-88833418	PAN028.chr9.haplotype2:95837662-96042625
PAN010.chr9.haplotype2:96726513-97046127	PAN027.chr9.maternal:88825119-89144732	PAN028.chr9.haplotype2:96034326-96353942
PAN010.chr9.haplotype2:97028646-97640185	PAN027.chr9.maternal:89127251-89738790	PAN028.chr9.haplotype2:96336461-96948001
PAN010.chr9.haplotype2:97621161-98009618	PAN027.chr9.maternal:89719766-90108220	PAN028.chr9.haplotype2:96928977-97317433
PAN010.chr9.haplotype2:98150279-99152771	PAN027.chr9.maternal:90248881-91251376	PAN028.chr9.haplotype2:97458094-98460585
PAN010.chr9.haplotype2:99081337-102793431	PAN027.chr9.maternal:91179942-94891983	PAN028.chr9.haplotype2:98389151-102101210
PAN010.chrX.haplotype1:15040428-15576777	PAN027.chrX.maternal:15129912-15666257	PAN028.chrX.haplotype2:15121316-15657663
PAN010.chrX.haplotype1:15557423-17548998	PAN027.chrX.maternal:15646903-17638469	PAN028.chrX.haplotype2:15638309-17629891
PAN010.chrX.haplotype1:17406467-18228374	PAN027.chrX.maternal:17495941-18317843	PAN028.chrX.haplotype2:17487363-18309265
PAN010.chrX.haplotype1:18208342-24318489	PAN027.chrX.maternal:18297811-24407931	PAN028.chrX.haplotype2:18289233-24399404
PAN010.chrX.haplotype1:24548172-25164219	PAN027.chrX.maternal:24637613-25253657	PAN028.chrX.haplotype2:24629088-25245139
PAN010.chrX.haplotype1:25150215-26295494	PAN027.chrX.maternal:25239655-26384927	PAN028.chrX.haplotype2:25231135-26376413
PAN010.chrX.haplotype1:26272450-32508251	PAN027.chrX.maternal:26361883-32597652	PAN028.chrX.haplotype2:26353369-32589189
PAN010.chrX.haplotype2:104205974-108942541	PAN027.chrX.maternal:104208448-108944993	PAN028.chrX.haplotype2:104374308-109110876
PAN010.chrX.haplotype2:10598925-13373313	PAN027.chrX.maternal:10605039-13379418	PAN028.chrX.haplotype2:10596421-13370814
PAN010.chrX.haplotype2:108920804-109601791	PAN027.chrX.maternal:108923256-109604241	PAN028.chrX.haplotype2:109089139-109770126
PAN010.chrX.haplotype2:109577619-109855900	PAN027.chrX.maternal:109580069-109858355	PAN028.chrX.haplotype2:109745954-110024240
PAN010.chrX.haplotype2:109832970-113459502	PAN027.chrX.maternal:109835425-113461949	PAN028.chrX.haplotype2:110001310-113627851
PAN010.chrX.haplotype2:109834700-109850821	PAN027.chrX.maternal:109837155-109853276	PAN028.chrX.haplotype2:110003040-110019161
PAN010.chrX.haplotype2:113592693-114636182	PAN027.chrX.maternal:113595140-114639120	PAN028.chrX.haplotype2:113761042-114805024
PAN010.chrX.haplotype2:114610121-116719084	PAN027.chrX.maternal:114613059-116722006	PAN028.chrX.haplotype2:114778963-116887926
PAN010.chrX.haplotype2:116716848-117223841	PAN027.chrX.maternal:116719770-117226754	PAN028.chrX.haplotype2:116885690-117392680
PAN010.chrX.haplotype2:117205263-122153798	PAN027.chrX.maternal:117208176-122156701	PAN028.chrX.haplotype2:117374102-122322650
PAN010.chrX.haplotype2:122126443-122403307	PAN027.chrX.maternal:122129345-122406210	PAN028.chrX.haplotype2:122295295-122572161
PAN010.chrX.haplotype2:122375983-122959625	PAN027.chrX.maternal:122378886-122962523	PAN028.chrX.haplotype2:122544837-123128475
PAN010.chrX.haplotype2:122940749-124233695	PAN027.chrX.maternal:122943647-124236588	PAN028.chrX.haplotype2:123109599-124402542
PAN010.chrX.haplotype2:124206106-128708321	PAN027.chrX.maternal:124208999-128711201	PAN028.chrX.haplotype2:124374953-128877175
PAN010.chrX.haplotype2:128778589-130149351	PAN027.chrX.maternal:128781469-130152230	PAN028.chrX.haplotype2:128947443-130318207
PAN010.chrX.haplotype2:130126373-130341760	PAN027.chrX.maternal:130129252-130344638	PAN028.chrX.haplotype2:130295230-130510615
PAN010.chrX.haplotype2:130372998-133207120	PAN027.chrX.maternal:130375876-133209992	PAN028.chrX.haplotype2:130541853-133375987
PAN010.chrX.haplotype2:133259611-133814558	PAN027.chrX.maternal:133262483-133817426	PAN028.chrX.haplotype2:133428478-133983426
PAN010.chrX.haplotype2:13351096-15120599	PAN027.chrX.maternal:13357201-15126702	PAN028.chrX.haplotype2:13348597-15118106
PAN010.chrX.haplotype2:133888697-134701493	PAN027.chrX.maternal:133891555-134704341	PAN028.chrX.haplotype2:134057552-134870348
PAN010.chrX.haplotype2:134678075-136202454	PAN027.chrX.maternal:134680927-136205290	PAN028.chrX.haplotype2:134846930-136371309
PAN010.chrX.haplotype2:1426608-9883886	PAN027.chrX.maternal:1422280-9889964	PAN028.chrX.haplotype2:1422853-9881343
PAN010.chrX.haplotype2:32576066-34320980	PAN027.chrX.maternal:32578813-34323711	PAN028.chrX.haplotype2:32570350-34315251
PAN010.chrX.haplotype2:34296913-35550370	PAN027.chrX.maternal:34299644-35553100	PAN028.chrX.haplotype2:34291184-35544639
PAN010.chrX.haplotype2:35530555-36605037	PAN027.chrX.maternal:35533285-36607767	PAN028.chrX.haplotype2:35524824-36599308
PAN010.chrX.haplotype2:37119373-38158935	PAN027.chrX.maternal:37122103-38161663	PAN028.chrX.haplotype2:37113647-38153209
PAN010.chrX.haplotype2:38134042-38168087	PAN027.chrX.maternal:38136770-38170815	PAN028.chrX.haplotype2:38128316-38162361
PAN010.chrX.haplotype2:38148589-38578680	PAN027.chrX.maternal:38151317-38581408	PAN028.chrX.haplotype2:38142863-38572956
PAN010.chrX.haplotype2:38563754-39406071	PAN027.chrX.maternal:38566482-39408809	PAN028.chrX.haplotype2:38558029-39400360
PAN010.chrX.haplotype2:39386613-41351461	PAN027.chrX.maternal:39389351-41354186	PAN028.chrX.haplotype2:39380902-41345763
PAN010.chrX.haplotype2:41328795-41353394	PAN027.chrX.maternal:41331520-41356119	PAN028.chrX.haplotype2:41323097-41347696
PAN010.chrX.haplotype2:41332195-45053342	PAN027.chrX.maternal:41334920-45056048	PAN028.chrX.haplotype1:41299884-45020150
PAN010.chrX.haplotype2:45113625-48066555	PAN027.chrX.maternal:45116331-48069230	PAN028.chrX.haplotype2:45278742-48231668
PAN010.chrX.haplotype2:48052640-48189916	PAN027.chrX.maternal:48055315-48192592	PAN028.chrX.haplotype2:48217753-48355030
PAN010.chrX.haplotype2:48165869-50264931	PAN027.chrX.maternal:48168545-50267602	PAN028.chrX.haplotype2:48330983-50430056
PAN010.chrX.haplotype2:50241287-50761006	PAN027.chrX.maternal:50243958-50763676	PAN028.chrX.haplotype2:50406412-50926129
PAN010.chrX.haplotype2:50741503-51392414	PAN027.chrX.maternal:50744173-51395084	PAN028.chrX.haplotype2:50906626-51557531
PAN010.chrX.haplotype2:51510780-51914234	PAN027.chrX.maternal:51513449-51916872	PAN028.chrX.haplotype2:51675898-52079350
PAN010.chrX.haplotype2:51901463-52650945	PAN027.chrX.maternal:51904101-52653574	PAN028.chrX.haplotype2:52066579-52816058
PAN010.chrX.haplotype2:52991184-55811564	PAN027.chrX.maternal:52993805-55814165	PAN028.chrX.haplotype2:53156295-55976280
PAN010.chrX.haplotype2:55786967-63811124	PAN027.chrX.maternal:55789568-63813709	PAN028.chrX.haplotype2:55951683-63979341
PAN010.chrX.haplotype2:63801386-66079350	PAN027.chrX.maternal:63803971-66081949	PAN028.chrX.haplotype2:63970210-66247593
PAN010.chrX.haplotype2:66091683-67496254	PAN027.chrX.maternal:66094282-67498841	PAN028.chrX.haplotype2:66259926-67664511
PAN010.chrX.haplotype2:67477184-67758746	PAN027.chrX.maternal:67479771-67761333	PAN028.chrX.haplotype2:67645441-67927002
PAN010.chrX.haplotype2:67741711-69493662	PAN027.chrX.maternal:67744299-69496236	PAN028.chrX.haplotype2:67909968-69661919
PAN010.chrX.haplotype2:69474270-69496188	PAN027.chrX.maternal:69476844-69498762	PAN028.chrX.haplotype2:69642527-69664445
PAN010.chrX.haplotype2:69537911-71207762	PAN027.chrX.maternal:69540484-71210345	PAN028.chrX.haplotype2:69706167-71376037
PAN010.chrX.haplotype2:71229480-72204547	PAN027.chrX.maternal:71232063-72207127	PAN028.chrX.haplotype2:71397755-72372831
PAN010.chrX.haplotype2:75359518-78192239	PAN027.chrX.maternal:75362101-78194817	PAN028.chrX.haplotype2:75527834-78360560
PAN010.chrX.haplotype2:78175878-79874508	PAN027.chrX.maternal:78178454-79877083	PAN028.chrX.haplotype2:78344197-80042833
PAN010.chrX.haplotype2:80430920-81361119	PAN027.chrX.maternal:80433490-81363690	PAN028.chrX.haplotype2:80599244-81529451
PAN010.chrX.haplotype2:81361979-81538215	PAN027.chrX.maternal:81364550-81540785	PAN028.chrX.haplotype2:81530311-81706544
PAN010.chrX.haplotype2:81509544-82135124	PAN027.chrX.maternal:81512114-82137650	PAN028.chrX.haplotype2:81677873-82303406
PAN010.chrX.haplotype2:82559374-86865304	PAN027.chrX.maternal:82561898-86867821	PAN028.chrX.haplotype2:82727655-87033595
PAN010.chrX.haplotype2:87143312-92331313	PAN027.chrX.maternal:87145829-92333813	PAN028.chrX.haplotype2:87311605-92499613
PAN010.chrX.haplotype2:92310210-96403090	PAN027.chrX.maternal:92312710-96405574	PAN028.chrX.haplotype2:92478509-96571405
PAN010.chrX.haplotype2:96375717-97402231	PAN027.chrX.maternal:96378201-97404711	PAN028.chrX.haplotype2:96544033-97570547
PAN010.chrX.haplotype2:97517550-97951177	PAN027.chrX.maternal:97520031-97953660	PAN028.chrX.haplotype2:97685867-98119498
PAN010.chrX.haplotype2:98034664-104205728	PAN027.chrX.maternal:98037146-104208202	PAN028.chrX.haplotype2:98202984-104374062
PAN010.chrX.haplotype2:9863317-10556306	PAN027.chrX.maternal:9869395-10562420	PAN028.chrX.haplotype2:9860771-10553802
